stop_id,stop_name,address,latitude,longitude,site_name
1,תחנת חוף,6 Village Hill,11.9924294,105.4645408,אילת חוף הזהב הדרומי
2,תחנת קניון,6 Debs Place,34.0202277,-117.6896683,טבריה גן לאומי המעיין הירוק
3,תחנת חוף,9 Knutson Center,32.4545928,-93.7079745,טבריה גן לאומי המעיין הירוק
4,תחנת חוף,20333 Buell Junction,1.2750177,-77.0334179,נצרת אתר מורשת האופק העתיק
5,תחנת פארק,030 Farwell Drive,19.638192,-99.079824,נצרת אתר מורשת האופק העתיק
6,תחנת חוף,7191 Derek Parkway,4.524233,-74.356481,עכו טיילת הנמל החופי
7,תחנת קניון,6355 Lukken Point,-6.8546074,106.2963486,נצרת אתר מורשת האופק העתיק
8,תחנת פארק,04073 Shoshone Terrace,41.795664,-8.496851,נתניה טיילת האופק החופי
9,תחנת חוף,7431 Grayhawk Junction,53.9559626,38.2899306,תל אביב פארק הגליל המרכזי
10,תחנת פארק,76417 Sunfield Alley,-9.9755,120.4083,אשדוד פארק החורש הקהילתי
11,תחנת פארק,95 Fisk Junction,-8.8221596,33.8425243,טבריה גן לאומי המעיין הירוק
12,תחנת חוף,4 Loomis Terrace,-19.7619024,-44.0853572,עכו טיילת הנמל החופי
13,תחנה מרכזית,576 Veith Plaza,-22.384597,-41.7828793,עכו טיילת הנמל החופי
14,תחנת רכבת,4623 Ridgeway Plaza,9.4669337,-5.6142558,נתניה טיילת האופק החופי
15,תחנת קניון,6 Carpenter Place,-7.0029794,108.4572788,עכו טיילת הנמל החופי
16,תחנת קניון,6 Emmet Pass,13.6444,44.85097,טבריה גן לאומי המעיין הירוק
17,תחנת פארק,3853 Donald Park,60.9358323,25.9350435,ירושלים מוזיאון השלום העתיק
18,תחנת פארק,16994 Main Street,27.791959,-82.723924,אילת חוף הזהב הדרומי
19,תחנת פארק,1 Barnett Pass,49.4349603,12.8128113,אשדוד פארק החורש הקהילתי
20,תחנת חוף,3549 Continental Junction,43.8699654,21.0688871,חיפה חוף הכרמל הירוק
21,תחנת חוף,9 Hayes Plaza,-21.0504707,55.2828404,אשדוד פארק החורש הקהילתי
22,תחנת פארק,7390 North Junction,47.2550409,-1.5401497,ירושלים מוזיאון השלום העתיק
23,תחנת רכבת,5212 Superior Pass,-7.1684722,107.9833112,צפת מרכז תרבות הפסגה העירוני
24,תחנה מרכזית,0518 Parkside Point,39.6545102,-7.6712121,אילת חוף הזהב הדרומי
25,תחנת רכבת,808 Glendale Court,27.951331,92.009188,צפת מרכז תרבות הפסגה העירוני
26,תחנת פארק,06 Coolidge Road,-3.2826576,-42.941698,טבריה גן לאומי המעיין הירוק
27,תחנת פארק,0879 Menomonie Trail,6.5592478,124.6846104,טבריה גן לאומי המעיין הירוק
28,תחנה מרכזית,57 Myrtle Lane,14.9326574,-91.6941845,עכו טיילת הנמל החופי
29,תחנת רכבת,8 Fordem Plaza,-21.2327222,-47.8167164,טבריה גן לאומי המעיין הירוק
30,תחנה מרכזית,3 Elka Drive,16.2093368,100.3722477,צפת מרכז תרבות הפסגה העירוני
31,תחנת חוף,8886 Ronald Regan Way,-6.3811392,107.1854181,חיפה חוף הכרמל הירוק
32,תחנת קניון,2159 East Parkway,45.1,120.35,צפת מרכז תרבות הפסגה העירוני
33,תחנת קניון,16977 Eagle Crest Court,44.0086458,22.9355752,חיפה חוף הכרמל הירוק
34,תחנה מרכזית,91 Moulton Parkway,27.9408161,-101.211296,צפת מרכז תרבות הפסגה העירוני
35,תחנת קניון,9354 Ruskin Plaza,-8.4031608,114.3371145,טבריה גן לאומי המעיין הירוק
36,תחנת רכבת,3013 Glacier Hill Alley,44.772989,127.5932189,אילת חוף הזהב הדרומי
37,תחנת פארק,6 Dayton Way,16.9075213,96.5623251,אשדוד פארק החורש הקהילתי
38,תחנה מרכזית,6223 Buena Vista Avenue,40.6573682,44.0769342,תל אביב פארק הגליל המרכזי
39,תחנת חוף,2077 Westend Park,-8.7833,121.219,טבריה גן לאומי המעיין הירוק
40,תחנת פארק,74 Debra Park,45.4451601,35.8363269,צפת מרכז תרבות הפסגה העירוני
41,תחנה מרכזית,60879 Village Green Hill,2.0469343,45.3181623,אילת חוף הזהב הדרומי
42,תחנה מרכזית,90088 Walton Road,22.845641,89.5403279,ירושלים מוזיאון השלום העתיק
43,תחנה מרכזית,00250 Ridgeway Street,40.4810579,50.1454455,חיפה חוף הכרמל הירוק
44,תחנת חוף,618 Pond Place,-6.6382226,-79.7904475,תל אביב פארק הגליל המרכזי
45,תחנת קניון,144 Kennedy Alley,56.166667,107.433333,עכו טיילת הנמל החופי
46,תחנת פארק,310 Stuart Road,22.8811032,113.622578,ירושלים מוזיאון השלום העתיק
47,תחנה מרכזית,634 Mccormick Crossing,22.058407,110.792856,נתניה טיילת האופק החופי
48,תחנת חוף,76110 Shasta Hill,49.8947754,18.5547609,נצרת אתר מורשת האופק העתיק
49,תחנה מרכזית,0795 Messerschmidt Crossing,13.6333332,122.8833313,תל אביב פארק הגליל המרכזי
50,תחנת פארק,3 Londonderry Hill,26.177796,116.816909,ירושלים מוזיאון השלום העתיק
51,תחנת חוף,998 6th Alley,9.616419,11.43472,אילת חוף הזהב הדרומי
52,תחנת פארק,5247 Village Green Plaza,8.9917373,40.1631879,חיפה חוף הכרמל הירוק
53,תחנת רכבת,6451 Corscot Avenue,57.776041,26.0028389,צפת מרכז תרבות הפסגה העירוני
54,תחנת רכבת,955 Warbler Parkway,-4.0308713,-44.4654609,אילת חוף הזהב הדרומי
55,תחנת קניון,02362 Goodland Drive,36.6926167,67.1179511,אילת חוף הזהב הדרומי
56,תחנה מרכזית,675 Sundown Circle,28.041005,110.814125,צפת מרכז תרבות הפסגה העירוני
57,תחנת חוף,55 Nelson Terrace,42.25785,118.886931,עכו טיילת הנמל החופי
58,תחנת קניון,6 Fair Oaks Center,28.988133,110.206177,נתניה טיילת האופק החופי
59,תחנת חוף,276 Fulton Avenue,-16.1796844,-40.6953223,ירושלים מוזיאון השלום העתיק
60,תחנת קניון,0 Scott Hill,33.440106,119.282994,טבריה גן לאומי המעיין הירוק
61,תחנה מרכזית,9889 Garrison Circle,-20.8420055,-40.7357215,חיפה חוף הכרמל הירוק
62,תחנה מרכזית,68 Dwight Place,8.3102946,-81.2188355,נתניה טיילת האופק החופי
63,תחנת חוף,89176 Forest Dale Terrace,41.7958538,-8.6553243,עכו טיילת הנמל החופי
64,תחנת קניון,6 Reinke Avenue,9.8240004,124.197998,תל אביב פארק הגליל המרכזי
65,תחנה מרכזית,01491 Stoughton Circle,62.4658095,6.2512238,נצרת אתר מורשת האופק העתיק
66,תחנת קניון,53653 Fair Oaks Hill,14.5665378,121.1092186,תל אביב פארק הגליל המרכזי
67,תחנת חוף,37184 Sunbrook Drive,51.4700683,16.6142027,אשדוד פארק החורש הקהילתי
68,תחנת רכבת,6 Bay Place,35.2234722,137.0285083,חיפה חוף הכרמל הירוק
69,תחנת חוף,79 Coolidge Trail,56.6032687,15.6253276,אשדוד פארק החורש הקהילתי
70,תחנת רכבת,51086 Homewood Crossing,37.335794,116.576092,אילת חוף הזהב הדרומי
71,תחנת רכבת,92 Superior Circle,38.9080786,-77.0406147,נתניה טיילת האופק החופי
72,תחנת קניון,79917 Autumn Leaf Avenue,53.2339841,-6.163027,ירושלים מוזיאון השלום העתיק
73,תחנת חוף,813 Westport Alley,0.6567283,-76.5929328,טבריה גן לאומי המעיין הירוק
74,תחנת רכבת,8123 La Follette Center,27.0874564,114.9042208,אשדוד פארק החורש הקהילתי
75,תחנת רכבת,6962 Corben Center,30.7292723,31.7977797,תל אביב פארק הגליל המרכזי
76,תחנה מרכזית,16779 Shoshone Road,41.4781837,-7.9642644,צפת מרכז תרבות הפסגה העירוני
77,תחנה מרכזית,4673 Bay Plaza,-10.5971,121.8889,אשדוד פארק החורש הקהילתי
78,תחנת פארק,2951 Forest Run Way,53.6693538,23.8131306,עכו טיילת הנמל החופי
79,תחנת קניון,4531 Browning Trail,30.402167,112.899762,ירושלים מוזיאון השלום העתיק
80,תחנת חוף,07968 Kings Court,22.8354437,106.5260001,ירושלים מוזיאון השלום העתיק
81,תחנה מרכזית,0 Debs Trail,35.4655761,44.3803921,נתניה טיילת האופק החופי
82,תחנת רכבת,5 Melody Parkway,34.392963,104.063889,ירושלים מוזיאון השלום העתיק
83,תחנה מרכזית,2895 Morningstar Way,7.8209667,-72.2896709,עכו טיילת הנמל החופי
84,תחנת רכבת,51228 Pierstorff Road,-6.91748,107.657107,נתניה טיילת האופק החופי
85,תחנת חוף,4931 Lerdahl Court,52.1557661,11.5721966,חיפה חוף הכרמל הירוק
86,תחנת רכבת,623 Burrows Terrace,-20.4207385,-49.9648907,צפת מרכז תרבות הפסגה העירוני
87,תחנה מרכזית,672 Gulseth Lane,22.69569,112.225334,ירושלים מוזיאון השלום העתיק
88,תחנה מרכזית,94350 Armistice Park,43.1342238,5.997642,נצרת אתר מורשת האופק העתיק
89,תחנה מרכזית,68 Alpine Trail,-6.8370422,-47.2142417,עכו טיילת הנמל החופי
90,תחנת רכבת,0 Dwight Center,-18.2417866,-43.6035055,תל אביב פארק הגליל המרכזי
91,תחנת קניון,07 Stephen Point,49.6968574,19.9506717,ירושלים מוזיאון השלום העתיק
92,תחנת קניון,24636 Garrison Junction,5.329576,103.1369108,חיפה חוף הכרמל הירוק
93,תחנה מרכזית,3 Gulseth Alley,-17.5624415,-52.5489206,אילת חוף הזהב הדרומי
94,תחנת פארק,862 Westerfield Lane,50.2160221,20.3179338,חיפה חוף הכרמל הירוק
95,תחנת פארק,48 Welch Hill,-27.5703548,-48.62059,נתניה טיילת האופק החופי
96,תחנת פארק,5978 Rutledge Crossing,18.2886378,-99.4526826,אילת חוף הזהב הדרומי
97,תחנת רכבת,81 Hagan Road,-25.7605107,-56.6163213,תל אביב פארק הגליל המרכזי
98,תחנת רכבת,0382 Linden Point,30.199688,110.674706,נצרת אתר מורשת האופק העתיק
99,תחנת רכבת,9536 Cascade Terrace,23.681774,113.056042,טבריה גן לאומי המעיין הירוק
100,תחנה מרכזית,953 Division Court,45.1934857,5.7218985,ירושלים מוזיאון השלום העתיק
101,תחנה מרכזית,7 Nobel Street,-7.2214256,108.2110626,ירושלים מוזיאון השלום העתיק
102,תחנת חוף,808 Crowley Circle,4.21668,96.0662,ירושלים מוזיאון השלום העתיק
103,תחנת פארק,8 Northport Court,57.5780197,48.9602971,נתניה טיילת האופק החופי
104,תחנת חוף,0367 Jackson Hill,50.4614333,19.0428325,נתניה טיילת האופק החופי
105,תחנה מרכזית,04861 Carey Way,6.8251698,-8.341016,חיפה חוף הכרמל הירוק
106,תחנת רכבת,4200 Talmadge Alley,35.2219554,-80.8328724,ירושלים מוזיאון השלום העתיק
107,תחנה מרכזית,1 Loomis Terrace,22.9861757,-82.4102628,עכו טיילת הנמל החופי
108,תחנת פארק,6264 Kings Place,53.2059294,66.8098235,עכו טיילת הנמל החופי
109,תחנת פארק,27 Evergreen Street,36.929749,98.480195,אשדוד פארק החורש הקהילתי
110,תחנת קניון,5487 Barby Street,-7.6849238,108.5017948,תל אביב פארק הגליל המרכזי
111,תחנת חוף,40 Oxford Street,16.289185,119.90559,נתניה טיילת האופק החופי
112,תחנת פארק,546 Rockefeller Alley,50.404284,16.3904406,ירושלים מוזיאון השלום העתיק
113,תחנת חוף,356 Rusk Trail,-8.3104,123.229,עכו טיילת הנמל החופי
114,תחנת חוף,5132 Hansons Crossing,7.1972968,38.6005328,אשדוד פארק החורש הקהילתי
115,תחנת רכבת,88390 Gateway Way,-6.8926501,112.0103765,אילת חוף הזהב הדרומי
116,תחנת רכבת,42348 Katie Place,-8.5335451,-172.5165543,עכו טיילת הנמל החופי
117,תחנת רכבת,3 Mccormick Center,28.704586,113.584985,ירושלים מוזיאון השלום העתיק
118,תחנת חוף,24212 Mifflin Park,13.658247,123.017079,חיפה חוף הכרמל הירוק
119,תחנת רכבת,4885 Dottie Road,24.370937,117.925685,טבריה גן לאומי המעיין הירוק
120,תחנת חוף,40 Arkansas Hill,39.630867,118.180193,טבריה גן לאומי המעיין הירוק
121,תחנת רכבת,01 Farmco Lane,59.2992508,18.0807417,נתניה טיילת האופק החופי
122,תחנת חוף,80482 Fremont Parkway,58.9015864,5.7123282,נצרת אתר מורשת האופק העתיק
123,תחנת קניון,3 Eastlawn Pass,5.2351338,-75.8346203,אילת חוף הזהב הדרומי
124,תחנת חוף,643 Oneill Park,24.960385,118.386279,נצרת אתר מורשת האופק העתיק
125,תחנת קניון,592 Hallows Drive,19.2933162,-70.2583451,חיפה חוף הכרמל הירוק
126,תחנת פארק,3 Mosinee Pass,11.0256293,123.9064425,עכו טיילת הנמל החופי
127,תחנת רכבת,12 Novick Drive,26.2285161,50.5860497,נצרת אתר מורשת האופק העתיק
128,תחנת רכבת,38006 Oxford Hill,36.512506,118.542982,תל אביב פארק הגליל המרכזי
129,תחנה מרכזית,0921 Scott Circle,-24.2530306,-49.7106625,ירושלים מוזיאון השלום העתיק
130,תחנת פארק,960 Fieldstone Terrace,11.5352048,124.8289296,נתניה טיילת האופק החופי
131,תחנה מרכזית,26319 Brentwood Plaza,47.1139164,-122.7708828,אילת חוף הזהב הדרומי
132,תחנת רכבת,88103 Holy Cross Circle,35.5599466,140.3605429,אשדוד פארק החורש הקהילתי
133,תחנת רכבת,1 Meadow Ridge Crossing,31.8123014,34.7770192,עכו טיילת הנמל החופי
134,תחנת פארק,7079 Maple Wood Trail,55.7133263,37.8049211,עכו טיילת הנמל החופי
135,תחנת חוף,767 Straubel Center,5.4552197,100.4115631,צפת מרכז תרבות הפסגה העירוני
136,תחנת קניון,3091 Anthes Place,47.0163969,-68.1430029,אשדוד פארק החורש הקהילתי
137,תחנת קניון,3 Morning Alley,24.2086649,23.3347215,צפת מרכז תרבות הפסגה העירוני
138,תחנת קניון,07 Sunfield Drive,22.940196,113.943916,תל אביב פארק הגליל המרכזי
139,תחנת חוף,38 International Point,-8.081766,-78.0883695,תל אביב פארק הגליל המרכזי
140,תחנת חוף,0 Graceland Center,26.89745,68.40681,נצרת אתר מורשת האופק העתיק
141,תחנה מרכזית,9185 1st Way,9.939624,126.065213,חיפה חוף הכרמל הירוק
142,תחנת חוף,11 Schurz Pass,23.9211737,-106.8915948,עכו טיילת הנמל החופי
143,תחנת חוף,035 Porter Place,55.0121393,88.4665697,חיפה חוף הכרמל הירוק
144,תחנת חוף,3678 Sutherland Circle,27.9926014,69.3162364,חיפה חוף הכרמל הירוק
145,תחנת קניון,13 Village Green Circle,14.9333333,120.6166667,ירושלים מוזיאון השלום העתיק
146,תחנת קניון,8 Sauthoff Crossing,53.1905954,107.3306835,תל אביב פארק הגליל המרכזי
147,תחנה מרכזית,3674 Golf View Park,44.0150814,114.9755481,חיפה חוף הכרמל הירוק
148,תחנת רכבת,6183 Dwight Hill,-7.3169911,107.0480378,תל אביב פארק הגליל המרכזי
149,תחנת רכבת,65892 Lighthouse Bay Way,40.547653,81.280527,נצרת אתר מורשת האופק העתיק
150,תחנת רכבת,9 Chinook Center,52.516323,-7.888894,טבריה גן לאומי המעיין הירוק
151,תחנה מרכזית,2 Manitowish Crossing,-17.8766507,30.6775054,חיפה חוף הכרמל הירוק
152,תחנת פארק,59759 Dottie Court,43.8234396,17.5393153,ירושלים מוזיאון השלום העתיק
153,תחנת רכבת,4 Towne Alley,45.030617,21.0613022,תל אביב פארק הגליל המרכזי
154,תחנת חוף,5457 Superior Alley,7.43333,124.21667,נתניה טיילת האופק החופי
155,תחנה מרכזית,43544 Killdeer Hill,51.4984999,-0.1401487,עכו טיילת הנמל החופי
156,תחנת רכבת,33899 Forest Terrace,32.339402,35.396266,אשדוד פארק החורש הקהילתי
157,תחנת חוף,577 Bellgrove Road,58.6772898,52.190142,נתניה טיילת האופק החופי
158,תחנת קניון,06 Sutteridge Place,-7.0265442,110.1879106,צפת מרכז תרבות הפסגה העירוני
159,תחנת חוף,304 Rusk Drive,40.637939,69.59436,ירושלים מוזיאון השלום העתיק
160,תחנת חוף,09 Calypso Junction,45.0485391,20.0808092,צפת מרכז תרבות הפסגה העירוני
161,תחנת קניון,144 Vernon Center,23.681774,113.056042,ירושלים מוזיאון השלום העתיק
162,תחנת רכבת,9373 Village Green Parkway,18.5295981,-72.4080605,ירושלים מוזיאון השלום העתיק
163,תחנת חוף,362 Troy Lane,14.5909643,121.0944813,צפת מרכז תרבות הפסגה העירוני
164,תחנת קניון,9 Talisman Center,-34.7133717,-58.7231685,ירושלים מוזיאון השלום העתיק
165,תחנת חוף,296 Claremont Way,48.8825673,17.5206059,צפת מרכז תרבות הפסגה העירוני
166,תחנת פארק,310 Kingsford Center,47.182723,123.00932,נתניה טיילת האופק החופי
167,תחנת חוף,585 Anderson Road,13.9686682,120.7285858,צפת מרכז תרבות הפסגה העירוני
168,תחנה מרכזית,67116 Vahlen Pass,14.3641338,120.9314495,נצרת אתר מורשת האופק העתיק
169,תחנת פארק,910 Dorton Center,34.682497,103.359019,תל אביב פארק הגליל המרכזי
170,תחנה מרכזית,3 Sunbrook Lane,-17.6059721,-149.3023702,חיפה חוף הכרמל הירוק
171,תחנת רכבת,0 Veith Drive,30.742803,120.48806,חיפה חוף הכרמל הירוק
172,תחנת פארק,062 Schurz Hill,35.215892,113.241823,נצרת אתר מורשת האופק העתיק
173,תחנת חוף,0527 Lindbergh Avenue,-9.4355285,119.2627176,ירושלים מוזיאון השלום העתיק
174,תחנת חוף,296 Monica Plaza,16.0271237,-3.9878427,אשדוד פארק החורש הקהילתי
175,תחנת פארק,329 Buena Vista Point,11.5742086,37.3613533,טבריה גן לאומי המעיין הירוק
176,תחנת רכבת,32715 Welch Plaza,40.039342,116.260921,אשדוד פארק החורש הקהילתי
177,תחנת רכבת,87 Warner Pass,13.9641503,121.655933,נצרת אתר מורשת האופק העתיק
178,תחנת רכבת,440 Manley Parkway,68.50472,112.4485,נתניה טיילת האופק החופי
179,תחנת קניון,2517 Donald Drive,41.7464398,-8.3721165,תל אביב פארק הגליל המרכזי
180,תחנת קניון,87 Red Cloud Terrace,6.3324473,7.605638,אילת חוף הזהב הדרומי
181,תחנת חוף,2740 Blue Bill Park Hill,59.3887625,30.2867644,ירושלים מוזיאון השלום העתיק
182,תחנה מרכזית,57 Doe Crossing Parkway,34.17,-118.12,נצרת אתר מורשת האופק העתיק
183,תחנת קניון,000 Longview Center,40.88111,20.18278,תל אביב פארק הגליל המרכזי
184,תחנת קניון,91315 Russell Point,41.8632851,20.9095433,חיפה חוף הכרמל הירוק
185,תחנת חוף,18566 Vermont Pass,54.0542238,-2.0215836,צפת מרכז תרבות הפסגה העירוני
186,תחנת פארק,5 American Ash Terrace,34.341574,108.93977,אילת חוף הזהב הדרומי
187,תחנת פארק,0320 Graceland Junction,35.872664,120.04619,ירושלים מוזיאון השלום העתיק
188,תחנת פארק,57 Bashford Road,43.61812,118.05545,אילת חוף הזהב הדרומי
189,תחנת חוף,1 Manufacturers Lane,12.712478,124.036411,עכו טיילת הנמל החופי
190,תחנת חוף,77 Jackson Plaza,-6.5588437,-78.7348674,אילת חוף הזהב הדרומי
191,תחנת חוף,05 Main Terrace,66.6441543,66.4550896,ירושלים מוזיאון השלום העתיק
192,תחנה מרכזית,57 Pleasure Pass,10.0835154,-83.342893,אילת חוף הזהב הדרומי
193,תחנת פארק,6993 Steensland Park,46.36446,113.577,אילת חוף הזהב הדרומי
194,תחנת קניון,47 Hovde Road,30.274301,120.157288,נצרת אתר מורשת האופק העתיק
195,תחנת חוף,739 Mariners Cove Crossing,4.9764526,-75.6695834,עכו טיילת הנמל החופי
196,תחנת פארק,21 Iowa Place,-7.2030729,112.0237903,נתניה טיילת האופק החופי
197,תחנת רכבת,0390 Springview Center,45.2969275,14.2723701,נצרת אתר מורשת האופק העתיק
198,תחנה מרכזית,51 Commercial Way,-8.1356,113.3257,נצרת אתר מורשת האופק העתיק
199,תחנת חוף,28 Mallory Way,60.2496387,47.7885614,חיפה חוף הכרמל הירוק
200,תחנת רכבת,2 Buena Vista Park,-16.3846284,-51.2213044,חיפה חוף הכרמל הירוק
201,תחנת רכבת,7582 Sugar Point,-16.3753091,-58.4059227,אשדוד פארק החורש הקהילתי
202,תחנת חוף,50 Dryden Alley,58.6144923,16.1378776,חיפה חוף הכרמל הירוק
203,תחנת רכבת,43 Prairie Rose Point,13.4633,123.3765,נתניה טיילת האופק החופי
204,תחנת חוף,20 2nd Point,8.0275675,100.2375823,נתניה טיילת האופק החופי
205,תחנת פארק,7 Esker Road,-27.6923006,23.0367512,נתניה טיילת האופק החופי
206,תחנת פארק,6 Florence Junction,-10.95,39.28333,ירושלים מוזיאון השלום העתיק
207,תחנת חוף,343 Caliangt Road,48.9933836,16.6802413,טבריה גן לאומי המעיין הירוק
208,תחנת חוף,98 Grayhawk Road,24.77848,110.496593,תל אביב פארק הגליל המרכזי
209,תחנת רכבת,9475 Pond Circle,25.5311276,69.0397556,אשדוד פארק החורש הקהילתי
210,תחנת פארק,586 Chinook Place,51.2235476,37.8775538,אילת חוף הזהב הדרומי
211,תחנת רכבת,086 Morrow Alley,17.0405373,99.0571089,נצרת אתר מורשת האופק העתיק
212,תחנה מרכזית,3 Cherokee Place,-13.9705607,-71.8326771,טבריה גן לאומי המעיין הירוק
213,תחנה מרכזית,055 Redwing Alley,49.1472664,-102.9866567,תל אביב פארק הגליל המרכזי
214,תחנת חוף,299 Namekagon Street,31.2122278,-9.7093341,נצרת אתר מורשת האופק העתיק
215,תחנה מרכזית,5906 Melvin Plaza,25.8513334,-97.45842,חיפה חוף הכרמל הירוק
216,תחנה מרכזית,057 Rockefeller Plaza,16.2932198,120.3806591,צפת מרכז תרבות הפסגה העירוני
217,תחנת קניון,1 Schurz Lane,30.677233,121.015142,אילת חוף הזהב הדרומי
218,תחנה מרכזית,266 Dexter Alley,47.785421,-3.2602564,צפת מרכז תרבות הפסגה העירוני
219,תחנת רכבת,316 Pawling Trail,17.125337,121.287152,חיפה חוף הכרמל הירוק
220,תחנה מרכזית,86 Springs Court,1.7685873,114.8567482,טבריה גן לאומי המעיין הירוק
221,תחנת קניון,7 Hoard Way,41.4741215,-8.3134809,חיפה חוף הכרמל הירוק
222,תחנת קניון,8056 Northland Street,22.534707,113.249705,חיפה חוף הכרמל הירוק
223,תחנה מרכזית,9 Vidon Plaza,22.170437,111.791539,אילת חוף הזהב הדרומי
224,תחנת רכבת,20 Fisk Court,37.1640654,128.9855649,חיפה חוף הכרמל הירוק
225,תחנת חוף,9649 East Parkway,52.8066236,29.4258895,אילת חוף הזהב הדרומי
226,תחנת קניון,6 Ramsey Alley,44.5652451,17.5341531,נתניה טיילת האופק החופי
227,תחנה מרכזית,61 Barnett Drive,-22.7238417,-51.4099625,ירושלים מוזיאון השלום העתיק
228,תחנת קניון,01613 Butterfield Alley,-11.8551576,43.4470213,חיפה חוף הכרמל הירוק
229,תחנת פארק,9642 Iowa Drive,41.2044165,-7.2153847,עכו טיילת הנמל החופי
230,תחנת חוף,77 Pleasure Court,-7.7955645,108.291137,נצרת אתר מורשת האופק העתיק
231,תחנה מרכזית,15224 Clyde Gallagher Avenue,57.9887927,56.1415665,אשדוד פארק החורש הקהילתי
232,תחנת רכבת,344 Gerald Alley,28.229112,103.638067,נתניה טיילת האופק החופי
233,תחנה מרכזית,2 Sloan Road,26.4363523,106.5589556,טבריה גן לאומי המעיין הירוק
234,תחנת קניון,93 Clyde Gallagher Terrace,41.548437,82.433337,אילת חוף הזהב הדרומי
235,תחנת פארק,9 Shasta Court,31.13856,113.744367,חיפה חוף הכרמל הירוק
236,תחנת פארק,8 Paget Court,-8.3782936,123.2658133,תל אביב פארק הגליל המרכזי
237,תחנת רכבת,8 Burrows Junction,24.4752847,101.3431058,אשדוד פארק החורש הקהילתי
238,תחנת פארק,57581 Westridge Court,-19.54172,169.2803499,צפת מרכז תרבות הפסגה העירוני
239,תחנת פארק,95 Westend Crossing,35.65599,35.88871,ירושלים מוזיאון השלום העתיק
240,תחנת קניון,720 Tennessee Court,-7.7256069,38.9381031,ירושלים מוזיאון השלום העתיק
241,תחנת חוף,179 Springview Avenue,13.1680197,-87.3872748,צפת מרכז תרבות הפסגה העירוני
242,תחנת קניון,33235 Barnett Way,12.6661944,108.0382475,טבריה גן לאומי המעיין הירוק
243,תחנת פארק,8231 Montana Junction,41.4122069,-8.4333383,ירושלים מוזיאון השלום העתיק
244,תחנת רכבת,9 Bartillon Circle,49.448552,28.5226562,טבריה גן לאומי המעיין הירוק
245,תחנת חוף,08 Leroy Road,23.0664459,113.1964636,אילת חוף הזהב הדרומי
246,תחנה מרכזית,6542 Bayside Plaza,29.5792603,115.9942491,חיפה חוף הכרמל הירוק
247,תחנת חוף,8351 Carberry Alley,-34.8352742,138.596204,טבריה גן לאומי המעיין הירוק
248,תחנה מרכזית,41 High Crossing Junction,-6.2307016,106.8827427,נצרת אתר מורשת האופק העתיק
249,תחנת רכבת,7 Dapin Trail,7.116798,125.9279251,אילת חוף הזהב הדרומי
250,תחנת קניון,69621 Orin Crossing,59.332724,66.011516,טבריה גן לאומי המעיין הירוק
251,תחנת פארק,115 Clyde Gallagher Terrace,35.4335808,139.5718014,אילת חוף הזהב הדרומי
252,תחנת רכבת,35381 Evergreen Place,-7.3756003,110.9476831,נתניה טיילת האופק החופי
253,תחנת קניון,00 Farragut Trail,57.690939,11.9118588,חיפה חוף הכרמל הירוק
254,תחנת קניון,7063 Spaight Park,68.1416652,33.3096133,עכו טיילת הנמל החופי
255,תחנת חוף,561 Shasta Parkway,52.2774362,85.4051549,טבריה גן לאומי המעיין הירוק
256,תחנת קניון,593 Dottie Court,27.910625,113.692921,תל אביב פארק הגליל המרכזי
257,תחנת רכבת,8 Atwood Plaza,38.734814,93.330613,אשדוד פארק החורש הקהילתי
258,תחנת קניון,030 Sachtjen Parkway,8.164085,125.8131123,אילת חוף הזהב הדרומי
259,תחנה מרכזית,7 Eggendart Alley,23.296786,113.823135,עכו טיילת הנמל החופי
260,תחנת חוף,412 Sutteridge Hill,11.3421375,-73.0405277,תל אביב פארק הגליל המרכזי
261,תחנת רכבת,8565 Michigan Place,25.5020583,117.3701447,נתניה טיילת האופק החופי
262,תחנת רכבת,86050 Mallory Pass,-7.6543174,109.2920742,אילת חוף הזהב הדרומי
263,תחנת חוף,910 Garrison Avenue,57.2840834,55.4543246,אילת חוף הזהב הדרומי
264,תחנה מרכזית,2948 Kropf Plaza,39.5228398,21.1044466,חיפה חוף הכרמל הירוק
265,תחנת פארק,682 Ilene Avenue,40.472433,23.0927079,חיפה חוף הכרמל הירוק
266,תחנה מרכזית,28143 Continental Junction,-1.8703308,116.3013267,טבריה גן לאומי המעיין הירוק
267,תחנת קניון,6 Express Circle,49.4663065,19.1517652,אילת חוף הזהב הדרומי
268,תחנת פארק,2 Kedzie Trail,39.6611469,20.1789757,צפת מרכז תרבות הפסגה העירוני
269,תחנת קניון,6810 Meadow Ridge Terrace,19.1414862,105.6257432,חיפה חוף הכרמל הירוק
270,תחנת חוף,8530 Esker Pass,42.103919,-8.2727494,תל אביב פארק הגליל המרכזי
271,תחנה מרכזית,64459 Evergreen Trail,28.888555,120.047651,אילת חוף הזהב הדרומי
272,תחנת פארק,43 Milwaukee Circle,51.5749669,4.6259996,ירושלים מוזיאון השלום העתיק
273,תחנת פארק,071 Meadow Ridge Lane,35.24417,129.21389,תל אביב פארק הגליל המרכזי
274,תחנת רכבת,39813 Northland Point,38.6032329,-9.1057581,חיפה חוף הכרמל הירוק
275,תחנת פארק,43490 Farwell Crossing,63.1110463,7.7291951,חיפה חוף הכרמל הירוק
276,תחנת רכבת,2688 Hauk Alley,18.4395252,-73.0862735,נצרת אתר מורשת האופק העתיק
277,תחנת רכבת,69 Vera Drive,32.770894,119.745363,אשדוד פארק החורש הקהילתי
278,תחנת קניון,88058 Little Fleur Hill,34.158997,108.906994,נתניה טיילת האופק החופי
279,תחנה מרכזית,14662 Dunning Plaza,24.848984,116.604574,אילת חוף הזהב הדרומי
280,תחנת פארק,692 Pennsylvania Road,38.058088,117.230602,עכו טיילת הנמל החופי
281,תחנת רכבת,02418 Carberry Point,31.3052222,30.2992358,אילת חוף הזהב הדרומי
282,תחנה מרכזית,0 Coolidge Point,30.940195,118.75868,אשדוד פארק החורש הקהילתי
283,תחנת קניון,94 Sunbrook Street,5.9840985,116.0761121,נצרת אתר מורשת האופק העתיק
284,תחנה מרכזית,0 3rd Circle,48.8809869,2.2760839,אשדוד פארק החורש הקהילתי
285,תחנת פארק,65894 Porter Crossing,53.3347733,-6.2427004,עכו טיילת הנמל החופי
286,תחנת פארק,1 Cambridge Court,57.9679793,31.6515246,נתניה טיילת האופק החופי
287,תחנת קניון,0 Springs Street,0.3475964,32.5825197,צפת מרכז תרבות הפסגה העירוני
288,תחנת פארק,63 Mallory Street,-20.3483832,-41.6385979,תל אביב פארק הגליל המרכזי
289,תחנה מרכזית,83833 Fairview Center,47.2174874,-1.5419505,עכו טיילת הנמל החופי
290,תחנת קניון,3 Kenwood Alley,21.857958,111.982232,נצרת אתר מורשת האופק העתיק
291,תחנת רכבת,2546 Bonner Street,55.6646665,12.5436481,נתניה טיילת האופק החופי
292,תחנת פארק,99808 Cody Lane,43.3497076,26.626104,טבריה גן לאומי המעיין הירוק
293,תחנת חוף,790 Redwing Court,41.4633308,21.0495247,נתניה טיילת האופק החופי
294,תחנת קניון,482 Butternut Park,32.601214,119.17604,עכו טיילת הנמל החופי
295,תחנת רכבת,7 Garrison Street,56.8338605,28.2918137,ירושלים מוזיאון השלום העתיק
296,תחנת קניון,56102 Arizona Circle,40.974829,115.279249,תל אביב פארק הגליל המרכזי
297,תחנת קניון,521 Talisman Avenue,49.5767154,18.7645942,צפת מרכז תרבות הפסגה העירוני
298,תחנה מרכזית,63086 Elgar Point,40.666059,109.873117,חיפה חוף הכרמל הירוק
299,תחנת רכבת,97 Coolidge Alley,43.4426097,-80.5443489,תל אביב פארק הגליל המרכזי
300,תחנת פארק,7623 Claremont Road,44.8178615,-0.2498116,ירושלים מוזיאון השלום העתיק
301,תחנה מרכזית,58 Prentice Center,49.9120778,13.9774742,חיפה חוף הכרמל הירוק
302,תחנת רכבת,6433 Lawn Pass,13.8038957,100.647812,צפת מרכז תרבות הפסגה העירוני
303,תחנת חוף,83 Judy Pass,-21.2484875,-45.0013747,עכו טיילת הנמל החופי
304,תחנת חוף,89 Melvin Circle,-6.4185424,106.8502879,אשדוד פארק החורש הקהילתי
305,תחנת פארק,41 Mosinee Place,35.3017596,139.8470483,עכו טיילת הנמל החופי
306,תחנת קניון,6329 Sachtjen Place,28.353912,112.833836,עכו טיילת הנמל החופי
307,תחנת פארק,9 Comanche Street,3.991663,-73.766129,ירושלים מוזיאון השלום העתיק
308,תחנת רכבת,0 Hayes Plaza,40.4930573,23.6502521,נצרת אתר מורשת האופק העתיק
309,תחנת רכבת,46 Main Alley,37.083896,55.1706992,אשדוד פארק החורש הקהילתי
310,תחנת פארק,3 Forest Avenue,41.276688,80.238959,ירושלים מוזיאון השלום העתיק
311,תחנת חוף,3 Menomonie Court,-34.4584447,-58.5845016,נתניה טיילת האופק החופי
312,תחנת רכבת,048 Autumn Leaf Crossing,-8.091221,111.9641728,נתניה טיילת האופק החופי
313,תחנת חוף,200 Vermont Circle,16.9672048,42.8285605,טבריה גן לאומי המעיין הירוק
314,תחנת רכבת,32294 Westridge Alley,45.41675,-71.6324,עכו טיילת הנמל החופי
315,תחנת רכבת,063 Sunbrook Avenue,-0.6004131,100.6534443,אשדוד פארק החורש הקהילתי
316,תחנת חוף,0475 Lillian Point,48.679041,5.8805771,אילת חוף הזהב הדרומי
317,תחנת רכבת,64 Superior Way,47.520508,87.750232,נצרת אתר מורשת האופק העתיק
318,תחנת חוף,41 Messerschmidt Drive,-8.7261,116.4644,נצרת אתר מורשת האופק העתיק
319,תחנת רכבת,741 Kipling Drive,37.9773385,140.1850334,עכו טיילת הנמל החופי
320,תחנת רכבת,6 John Wall Pass,-6.8390238,108.059866,צפת מרכז תרבות הפסגה העירוני
321,תחנת חוף,5 Sommers Street,52.2060223,23.083666,אשדוד פארק החורש הקהילתי
322,תחנת קניון,92323 Miller Terrace,-14.658228,49.6452092,תל אביב פארק הגליל המרכזי
323,תחנה מרכזית,12496 Canary Court,-23.2248099,-47.4882762,טבריה גן לאומי המעיין הירוק
324,תחנת קניון,387 Waywood Lane,-22.5514872,27.1147095,חיפה חוף הכרמל הירוק
325,תחנת קניון,8797 Goodland Trail,26.486589,111.909579,אילת חוף הזהב הדרומי
326,תחנה מרכזית,86159 Paget Way,54.8986278,61.3521146,טבריה גן לאומי המעיין הירוק
327,תחנת פארק,6 Roxbury Terrace,-8.44477,115.2413041,ירושלים מוזיאון השלום העתיק
328,תחנה מרכזית,448 Clemons Alley,-4.5456848,18.5997498,ירושלים מוזיאון השלום העתיק
329,תחנת רכבת,43 Cherokee Street,14.565396,120.999932,עכו טיילת הנמל החופי
330,תחנת פארק,70222 Mockingbird Court,24.9936281,121.3009798,עכו טיילת הנמל החופי
331,תחנת חוף,57 Bartillon Plaza,35.7,10.8,חיפה חוף הכרמל הירוק
332,תחנת רכבת,543 Meadow Valley Court,11.0978809,-2.0959429,טבריה גן לאומי המעיין הירוק
333,תחנה מרכזית,9431 Hollow Ridge Street,50.367737,21.275513,תל אביב פארק הגליל המרכזי
334,תחנת קניון,825 Packers Terrace,51.8677116,16.4856013,אשדוד פארק החורש הקהילתי
335,תחנת חוף,8118 Armistice Lane,39.4113773,-8.803326,נצרת אתר מורשת האופק העתיק
336,תחנת קניון,97 Express Park,45.9075,6.1072,נצרת אתר מורשת האופק העתיק
337,תחנת חוף,8756 Eastwood Drive,58.8781209,14.9037055,טבריה גן לאומי המעיין הירוק
338,תחנה מרכזית,188 Holmberg Junction,53.42049,16.81504,ירושלים מוזיאון השלום העתיק
339,תחנת פארק,25417 Bowman Park,12.1224221,-68.8824233,נתניה טיילת האופק החופי
340,תחנת פארק,625 Rusk Circle,36.1180248,137.9533657,ירושלים מוזיאון השלום העתיק
341,תחנת קניון,1659 Schlimgen Place,30.741991,121.341969,תל אביב פארק הגליל המרכזי
342,תחנת פארק,845 Nelson Alley,61.2427595,16.5504575,עכו טיילת הנמל החופי
343,תחנה מרכזית,93346 Sloan Hill,46.3636288,32.9355243,ירושלים מוזיאון השלום העתיק
344,תחנה מרכזית,1 Meadow Ridge Crossing,34.68664,-6.00272,צפת מרכז תרבות הפסגה העירוני
345,תחנת רכבת,2 Hoepker Way,37.452068,110.739673,צפת מרכז תרבות הפסגה העירוני
346,תחנת רכבת,0 American Center,59.79769,30.5550816,נתניה טיילת האופק החופי
347,תחנת חוף,05 4th Center,-22.5077597,-44.0947303,נתניה טיילת האופק החופי
348,תחנה מרכזית,1 Delladonna Way,14.8108901,-86.5425921,נצרת אתר מורשת האופק העתיק
349,תחנת רכבת,0 Carey Terrace,21.8528313,104.0836104,ירושלים מוזיאון השלום העתיק
350,תחנת קניון,80846 Eastlawn Circle,11.3802442,105.5005483,טבריה גן לאומי המעיין הירוק
351,תחנה מרכזית,7633 Lakeland Trail,53.4539951,26.4698363,ירושלים מוזיאון השלום העתיק
352,תחנת חוף,955 Clyde Gallagher Place,13.4960361,-88.5299428,חיפה חוף הכרמל הירוק
353,תחנת קניון,23 Vernon Junction,38.416663,112.734174,עכו טיילת הנמל החופי
354,תחנת פארק,6043 Linden Place,51.84861,41.46056,ירושלים מוזיאון השלום העתיק
355,תחנה מרכזית,4486 Center Park,45.521519,3.5276642,תל אביב פארק הגליל המרכזי
356,תחנת קניון,805 Butterfield Parkway,47.545979,19.0375319,אשדוד פארק החורש הקהילתי
357,תחנת חוף,5 Londonderry Junction,28.0105138,120.661569,צפת מרכז תרבות הפסגה העירוני
358,תחנת רכבת,70889 School Avenue,-6.1341119,107.1839024,צפת מרכז תרבות הפסגה העירוני
359,תחנת פארק,08695 Ohio Alley,32.9287227,132.7122629,אשדוד פארק החורש הקהילתי
360,תחנת רכבת,6888 Melvin Parkway,39.6532428,-8.8604748,נצרת אתר מורשת האופק העתיק
361,תחנת קניון,63 Crescent Oaks Crossing,-10.1904527,123.6007574,ירושלים מוזיאון השלום העתיק
362,תחנת רכבת,2783 Starling Drive,43.7441795,2.511999,חיפה חוף הכרמל הירוק
363,תחנת רכבת,0 Merrick Parkway,13.9051904,-89.5002027,נתניה טיילת האופק החופי
364,תחנת פארק,4 Stone Corner Plaza,29.932442,114.36947,אילת חוף הזהב הדרומי
365,תחנת רכבת,4 Kensington Crossing,-26.4527477,31.0421102,ירושלים מוזיאון השלום העתיק
366,תחנה מרכזית,328 Mandrake Terrace,50.2914556,15.4772549,עכו טיילת הנמל החופי
367,תחנת חוף,50 Esker Parkway,23.9563274,113.1916737,אילת חוף הזהב הדרומי
368,תחנת חוף,98 Duke Court,-22.7437126,-47.3339535,חיפה חוף הכרמל הירוק
369,תחנת חוף,88 Sloan Street,55.6689972,12.5409879,נתניה טיילת האופק החופי
370,תחנת פארק,85 Buell Street,-6.8980327,106.8945456,נצרת אתר מורשת האופק העתיק
371,תחנת קניון,17 Iowa Junction,63.4258542,48.67174,נתניה טיילת האופק החופי
372,תחנת פארק,906 Basil Street,37.8457328,139.2342041,צפת מרכז תרבות הפסגה העירוני
373,תחנת חוף,833 Spaight Junction,-6.9870354,107.7547383,נצרת אתר מורשת האופק העתיק
374,תחנת פארק,444 Spaight Point,30.9457638,121.4371451,ירושלים מוזיאון השלום העתיק
375,תחנה מרכזית,89 Birchwood Center,35.89333,14.39889,ירושלים מוזיאון השלום העתיק
376,תחנת רכבת,30 Comanche Alley,32.4545928,-93.7079745,טבריה גן לאומי המעיין הירוק
377,תחנת פארק,9 Ruskin Lane,41.1733305,-8.3619748,עכו טיילת הנמל החופי
378,תחנת רכבת,8393 Upham Plaza,29.885144,107.401279,תל אביב פארק הגליל המרכזי
379,תחנת פארק,9296 Springs Road,27.0449005,84.8672171,טבריה גן לאומי המעיין הירוק
380,תחנת קניון,789 Golf View Avenue,14.0707852,120.7601581,נצרת אתר מורשת האופק העתיק
381,תחנת רכבת,16 Nova Street,49.8905368,2.3081396,נצרת אתר מורשת האופק העתיק
382,תחנה מרכזית,52169 Miller Terrace,51.6522585,17.1688525,צפת מרכז תרבות הפסגה העירוני
383,תחנת קניון,3 Canary Point,-8.132709,-78.0552079,אשדוד פארק החורש הקהילתי
384,תחנה מרכזית,68046 Donald Plaza,59.843765,10.7798142,טבריה גן לאומי המעיין הירוק
385,תחנת פארק,8282 Russell Avenue,50.2839339,57.166978,נתניה טיילת האופק החופי
386,תחנה מרכזית,15 2nd Crossing,40.611078,-8.5375389,תל אביב פארק הגליל המרכזי
387,תחנת קניון,49 Butternut Way,53.4077753,21.9326485,אילת חוף הזהב הדרומי
388,תחנת קניון,870 Golf Course Place,50.9076315,128.4136847,טבריה גן לאומי המעיין הירוק
389,תחנת פארק,8 Rusk Street,14.5919106,121.0228804,אילת חוף הזהב הדרומי
390,תחנת רכבת,29405 Sage Pass,62.390811,17.306927,נצרת אתר מורשת האופק העתיק
391,תחנת חוף,94289 Clove Junction,32.121962,120.337007,צפת מרכז תרבות הפסגה העירוני
392,תחנה מרכזית,4643 Rutledge Alley,49.7055805,18.2243639,נצרת אתר מורשת האופק העתיק
393,תחנת פארק,5370 Clemons Avenue,15.42495,120.77476,אילת חוף הזהב הדרומי
394,תחנת חוף,574 Clarendon Center,0.9400761,30.8125638,נצרת אתר מורשת האופק העתיק
395,תחנה מרכזית,5900 Glendale Center,16.7275474,103.7358277,חיפה חוף הכרמל הירוק
396,תחנה מרכזית,25 6th Hill,39.927987,116.337624,חיפה חוף הכרמל הירוק
397,תחנת פארק,78 Lawn Drive,38.7908786,-9.1194989,תל אביב פארק הגליל המרכזי
398,תחנת רכבת,21036 Summer Ridge Terrace,46.208449,106.7088124,נצרת אתר מורשת האופק העתיק
399,תחנה מרכזית,66 Alpine Park,46.4979131,15.6702113,אילת חוף הזהב הדרומי
400,תחנה מרכזית,83 Shasta Avenue,45.7867643,3.1602637,אילת חוף הזהב הדרומי
401,תחנת קניון,871 Reindahl Crossing,-8.2295368,-35.4672368,עכו טיילת הנמל החופי
402,תחנת פארק,128 Hayes Alley,61.0816055,46.4952164,צפת מרכז תרבות הפסגה העירוני
403,תחנת פארק,0558 Westport Terrace,21.0877573,105.6603149,תל אביב פארק הגליל המרכזי
404,תחנת חוף,6 Milwaukee Crossing,18.467605,-69.911527,ירושלים מוזיאון השלום העתיק
405,תחנת פארק,81 Dahle Street,9.9004655,13.0544185,נתניה טיילת האופק החופי
406,תחנת רכבת,6 Green Trail,55.7727774,13.0021225,אילת חוף הזהב הדרומי
407,תחנה מרכזית,5391 Village Green Point,60.0557978,24.4154907,אשדוד פארק החורש הקהילתי
408,תחנת חוף,47456 Johnson Alley,57.7194979,11.9142911,תל אביב פארק הגליל המרכזי
409,תחנה מרכזית,03 Schlimgen Plaza,39.7446895,-104.9933772,ירושלים מוזיאון השלום העתיק
410,תחנת רכבת,3 Morrow Point,49.1835908,24.7462961,תל אביב פארק הגליל המרכזי
411,תחנת רכבת,93 Fuller Lane,13.9534752,101.7196704,עכו טיילת הנמל החופי
412,תחנה מרכזית,8423 Golf Course Road,49.51688,-96.50029,טבריה גן לאומי המעיין הירוק
413,תחנת פארק,8 Dahle Park,63.1454739,22.7948195,נתניה טיילת האופק החופי
414,תחנת חוף,9 Mcguire Street,-24.7289094,-53.7365827,אילת חוף הזהב הדרומי
415,תחנת פארק,4843 Westport Alley,14.52309,-90.764589,נתניה טיילת האופק החופי
416,תחנת פארק,94 Derek Avenue,45.6001616,17.8741663,טבריה גן לאומי המעיין הירוק
417,תחנה מרכזית,4 Nelson Terrace,48.9787664,16.1411813,תל אביב פארק הגליל המרכזי
418,תחנת חוף,18263 Kedzie Drive,41.0283584,-8.2065127,נתניה טיילת האופק החופי
419,תחנת קניון,753 Manitowish Center,0.7193581,32.531617,אשדוד פארק החורש הקהילתי
420,תחנת קניון,0997 Grover Center,45.3095043,-74.0590779,צפת מרכז תרבות הפסגה העירוני
421,תחנת חוף,42626 Boyd Junction,31.09656,121.507445,ירושלים מוזיאון השלום העתיק
422,תחנת פארק,8 Roth Center,-1.959951,32.929501,חיפה חוף הכרמל הירוק
423,תחנת קניון,843 Bunting Parkway,45.3913779,40.1763516,טבריה גן לאומי המעיין הירוק
424,תחנת פארק,8907 Glendale Point,44.4868448,43.9408057,נתניה טיילת האופק החופי
425,תחנת חוף,8233 Transport Road,39.663147,116.669972,צפת מרכז תרבות הפסגה העירוני
426,תחנה מרכזית,8528 Little Fleur Plaza,47.2195152,-1.5651373,נצרת אתר מורשת האופק העתיק
427,תחנה מרכזית,08886 Ryan Street,23.364295,116.700277,טבריה גן לאומי המעיין הירוק
428,תחנת רכבת,52296 Holmberg Alley,39.7825,116.3877778,ירושלים מוזיאון השלום העתיק
429,תחנת רכבת,757 Carey Alley,7.8806888,-67.4695307,עכו טיילת הנמל החופי
430,תחנת רכבת,0389 Main Point,38.995854,117.688815,חיפה חוף הכרמל הירוק
431,תחנת רכבת,5329 Maywood Crossing,20.011946,110.201664,עכו טיילת הנמל החופי
432,תחנת חוף,25 Sachtjen Terrace,12.734087,-86.1217424,חיפה חוף הכרמל הירוק
433,תחנת קניון,9963 Lyons Plaza,45.6728599,18.984314,אילת חוף הזהב הדרומי
434,תחנת רכבת,795 Hansons Court,49.0701119,16.4649242,צפת מרכז תרבות הפסגה העירוני
435,תחנת רכבת,74016 2nd Parkway,16.7184323,121.97007,עכו טיילת הנמל החופי
436,תחנה מרכזית,5 Anthes Road,37.399373,110.691139,חיפה חוף הכרמל הירוק
437,תחנה מרכזית,51 Vera Parkway,8.0030266,124.3465661,נצרת אתר מורשת האופק העתיק
438,תחנת חוף,12646 Ilene Circle,30.798775,121.33638,תל אביב פארק הגליל המרכזי
439,תחנת קניון,1 Brentwood Plaza,51.8113447,-8.3929404,חיפה חוף הכרמל הירוק
440,תחנה מרכזית,0569 Sullivan Parkway,-7.2299572,-39.4122984,נצרת אתר מורשת האופק העתיק
441,תחנת קניון,50575 Elka Hill,34.2565473,135.4765527,נצרת אתר מורשת האופק העתיק
442,תחנת רכבת,7 Maple Wood Drive,42.0938285,-8.2570282,תל אביב פארק הגליל המרכזי
443,תחנת חוף,48 Armistice Hill,-8.2383,123.7896,צפת מרכז תרבות הפסגה העירוני
444,תחנת רכבת,61 Dennis Alley,30.5383808,72.7017794,עכו טיילת הנמל החופי
445,תחנת רכבת,9878 Pennsylvania Drive,34.9363523,-2.7431421,אילת חוף הזהב הדרומי
446,תחנת חוף,76 Marquette Crossing,41.6690275,48.3784919,אשדוד פארק החורש הקהילתי
447,תחנה מרכזית,4 Brickson Park Terrace,54.7556556,38.8869951,חיפה חוף הכרמל הירוק
448,תחנת קניון,9 Fallview Hill,33.45,-112.08,אשדוד פארק החורש הקהילתי
449,תחנת פארק,51 Hovde Circle,-7.0465148,108.4602464,נתניה טיילת האופק החופי
450,תחנת קניון,787 Dennis Plaza,41.0914367,21.3367578,אילת חוף הזהב הדרומי
451,תחנת חוף,157 Old Gate Court,30.3776024,-81.5870604,נתניה טיילת האופק החופי
452,תחנה מרכזית,95152 Holmberg Trail,40.2748289,-3.7968574,אילת חוף הזהב הדרומי
453,תחנת חוף,53420 Red Cloud Plaza,-6.080007,140.276147,אשדוד פארק החורש הקהילתי
454,תחנת רכבת,57 Hollow Ridge Court,30.798775,121.33638,תל אביב פארק הגליל המרכזי
455,תחנת רכבת,495 Farmco Street,-3.3072032,-39.3621196,אילת חוף הזהב הדרומי
456,תחנת קניון,39 Blue Bill Park Junction,47.660528,33.7205403,נצרת אתר מורשת האופק העתיק
457,תחנת רכבת,615 South Drive,-38.9468031,-68.0694251,חיפה חוף הכרמל הירוק
458,תחנה מרכזית,07 Red Cloud Junction,42.0912106,19.089904,נתניה טיילת האופק החופי
459,תחנת רכבת,6864 Memorial Crossing,56.1073342,69.6003357,צפת מרכז תרבות הפסגה העירוני
460,תחנה מרכזית,52 Meadow Vale Plaza,34.8422936,36.7307641,צפת מרכז תרבות הפסגה העירוני
461,תחנת רכבת,9 8th Way,14.90806,49.94778,טבריה גן לאומי המעיין הירוק
462,תחנת חוף,90 Westend Plaza,54.7669,-111.96861,עכו טיילת הנמל החופי
463,תחנת פארק,46 Arkansas Place,-1.4577245,36.9785033,עכו טיילת הנמל החופי
464,תחנת רכבת,12842 Lunder Drive,11.366667,7.633333,אילת חוף הזהב הדרומי
465,תחנת רכבת,9287 Killdeer Plaza,36.04337,14.240092,תל אביב פארק הגליל המרכזי
466,תחנת רכבת,7575 Amoth Drive,8.4297819,-82.8317486,טבריה גן לאומי המעיין הירוק
467,תחנת רכבת,1438 Mcguire Hill,36.331344,117.268835,נצרת אתר מורשת האופק העתיק
468,תחנת פארק,8027 Sunfield Pass,59.4248225,56.6216121,נצרת אתר מורשת האופק העתיק
469,תחנת חוף,690 Kensington Park,30.368126,102.814531,טבריה גן לאומי המעיין הירוק
470,תחנת רכבת,6861 Amoth Terrace,22.529403,103.93935,עכו טיילת הנמל החופי
471,תחנת פארק,48507 Wayridge Drive,42.0269548,-8.4748384,נתניה טיילת האופק החופי
472,תחנת רכבת,18745 Meadow Vale Hill,23.961903,106.762807,ירושלים מוזיאון השלום העתיק
473,תחנה מרכזית,52 Shopko Drive,45.9028599,3.95435,נצרת אתר מורשת האופק העתיק
474,תחנת רכבת,7 Utah Court,48.9875598,2.2971584,תל אביב פארק הגליל המרכזי
475,תחנת רכבת,22701 Sullivan Street,27.165172,110.870803,צפת מרכז תרבות הפסגה העירוני
476,תחנה מרכזית,1006 Norway Maple Parkway,60.8936893,24.2869324,אילת חוף הזהב הדרומי
477,תחנת קניון,0571 Del Mar Crossing,48.892701,2.233089,חיפה חוף הכרמל הירוק
478,תחנת רכבת,6 Hermina Park,46.8700877,43.0650548,תל אביב פארק הגליל המרכזי
479,תחנה מרכזית,0109 Calypso Court,53.8882122,26.7405466,אשדוד פארק החורש הקהילתי
480,תחנת חוף,42 Eastlawn Point,52.423387,20.9739484,ירושלים מוזיאון השלום העתיק
481,תחנת פארק,95 Del Mar Road,57.6581105,11.9042745,אילת חוף הזהב הדרומי
482,תחנת פארק,3 Mosinee Pass,29.4099289,120.1289162,עכו טיילת הנמל החופי
483,תחנה מרכזית,4 Mayfield Junction,-7.3507573,108.205132,נתניה טיילת האופק החופי
484,תחנת פארק,2205 Bunting Alley,-3.9318403,114.9754175,צפת מרכז תרבות הפסגה העירוני
485,תחנת חוף,3515 Schiller Place,57.8857887,12.3260421,אשדוד פארק החורש הקהילתי
486,תחנת רכבת,20 Londonderry Park,43.42993,83.26077,אשדוד פארק החורש הקהילתי
487,תחנת קניון,507 Leroy Parkway,19.421145,-99.1283211,נתניה טיילת האופק החופי
488,תחנת חוף,82 Novick Pass,31.385597,120.980736,אשדוד פארק החורש הקהילתי
489,תחנת קניון,948 Upham Street,-21.0277616,-47.7772049,אשדוד פארק החורש הקהילתי
490,תחנת רכבת,4 Clyde Gallagher Alley,48.9371252,14.6292015,נתניה טיילת האופק החופי
491,תחנת קניון,76236 Gina Lane,46.7713478,3.8379578,אשדוד פארק החורש הקהילתי
492,תחנת חוף,387 7th Park,33.1556108,-7.3860994,אשדוד פארק החורש הקהילתי
493,תחנה מרכזית,306 Swallow Lane,37.8016324,48.907262,עכו טיילת הנמל החופי
494,תחנת קניון,20 Tony Point,-6.7014461,110.8910556,טבריה גן לאומי המעיין הירוק
495,תחנה מרכזית,3195 Katie Place,54.8,24.45,אילת חוף הזהב הדרומי
496,תחנה מרכזית,7 Russell Center,29.50393,117.976899,נתניה טיילת האופק החופי
497,תחנת רכבת,44012 Redwing Place,19.421145,-99.1283211,צפת מרכז תרבות הפסגה העירוני
498,תחנת קניון,923 Paget Street,45.8010928,15.7110481,נתניה טיילת האופק החופי
499,תחנת רכבת,53 Sutherland Alley,36.6914464,24.3935655,צפת מרכז תרבות הפסגה העירוני
500,תחנת קניון,532 Hauk Pass,39.989944,116.179599,צפת מרכז תרבות הפסגה העירוני
501,תחנת קניון,19211 Loomis Hill,43.6347968,23.3663219,אשדוד פארק החורש הקהילתי
502,תחנת רכבת,3 Shasta Point,39.3395415,21.8407341,אילת חוף הזהב הדרומי
503,תחנת חוף,642 Darwin Way,36.675439,140.6715934,אשדוד פארק החורש הקהילתי
504,תחנת פארק,90 Clyde Gallagher Circle,-8.5324245,120.7982029,תל אביב פארק הגליל המרכזי
505,תחנה מרכזית,676 Prairieview Drive,5.8066339,8.0765288,נתניה טיילת האופק החופי
506,תחנת רכבת,10 Debra Junction,14.6875764,120.9777157,תל אביב פארק הגליל המרכזי
507,תחנת חוף,97218 Manley Drive,50.0751139,19.7530653,עכו טיילת הנמל החופי
508,תחנה מרכזית,8243 Mitchell Street,-1.3938636,36.7442377,טבריה גן לאומי המעיין הירוק
509,תחנת פארק,5 Birchwood Avenue,-11.9796093,-77.0698281,נתניה טיילת האופק החופי
510,תחנה מרכזית,7 Novick Point,48.1283188,11.544489,אשדוד פארק החורש הקהילתי
511,תחנת פארק,60 Londonderry Parkway,42.71068,26.9786398,אילת חוף הזהב הדרומי
512,תחנת פארק,53033 Dennis Hill,49.4660029,1.0736574,אילת חוף הזהב הדרומי
513,תחנת פארק,26 Glendale Plaza,3.5053306,98.6783333,טבריה גן לאומי המעיין הירוק
514,תחנת חוף,17575 Monument Drive,-40.864985,172.89648,ירושלים מוזיאון השלום העתיק
515,תחנה מרכזית,05592 Fulton Avenue,-21.2915055,-50.3436312,טבריה גן לאומי המעיין הירוק
516,תחנת חוף,07 Jackson Parkway,60.2401663,23.717724,חיפה חוף הכרמל הירוק
517,תחנת קניון,5 Dorton Avenue,41.1575986,21.3571429,ירושלים מוזיאון השלום העתיק
518,תחנה מרכזית,0651 Blackbird Point,7.01806,124.18056,אשדוד פארק החורש הקהילתי
519,תחנת פארק,6148 Raven Plaza,41.9100239,20.9108471,צפת מרכז תרבות הפסגה העירוני
520,תחנת פארק,23993 Del Sol Crossing,-18.0197815,31.067907,נצרת אתר מורשת האופק העתיק
521,תחנת חוף,46 Northport Lane,40.3727775,-7.8600447,אשדוד פארק החורש הקהילתי
522,תחנת חוף,14 Magdeline Alley,17.6469953,95.4515725,אילת חוף הזהב הדרומי
523,תחנה מרכזית,39898 Redwing Way,-24.5415767,-56.8198691,אשדוד פארק החורש הקהילתי
524,תחנת חוף,7191 Hintze Trail,27.347756,118.449526,חיפה חוף הכרמל הירוק
525,תחנת קניון,80 Stone Corner Way,50.4305778,18.1872242,נתניה טיילת האופק החופי
526,תחנת רכבת,3027 Superior Trail,62.2666019,27.1252002,ירושלים מוזיאון השלום העתיק
527,תחנה מרכזית,481 Sugar Trail,-33.93274,151.188577,ירושלים מוזיאון השלום העתיק
528,תחנת פארק,67719 Arkansas Parkway,22.9171031,57.536292,חיפה חוף הכרמל הירוק
529,תחנה מרכזית,29 Barnett Center,21.4692055,101.799742,אילת חוף הזהב הדרומי
530,תחנת פארק,4293 Nelson Parkway,7.1809842,7.9797219,נתניה טיילת האופק החופי
531,תחנת פארק,82 Lunder Lane,39.907771,116.447949,חיפה חוף הכרמל הירוק
532,תחנה מרכזית,8182 Eggendart Point,15.9275907,120.4355906,עכו טיילת הנמל החופי
533,תחנת פארק,6663 Truax Avenue,32.8449406,36.2251116,נתניה טיילת האופק החופי
534,תחנת רכבת,98445 Warrior Lane,-22.1755019,-46.805914,עכו טיילת הנמל החופי
535,תחנה מרכזית,8975 Raven Court,29.985295,122.207215,נתניה טיילת האופק החופי
536,תחנת קניון,6882 Eagle Crest Circle,27.974248,120.632896,אילת חוף הזהב הדרומי
537,תחנה מרכזית,99783 Anhalt Crossing,25.575165,111.824739,תל אביב פארק הגליל המרכזי
538,תחנת קניון,2591 Roxbury Pass,51.1672774,18.0050053,ירושלים מוזיאון השלום העתיק
539,תחנת חוף,87 Roxbury Terrace,-14.23592,-72.629868,ירושלים מוזיאון השלום העתיק
540,תחנת פארק,23 Sutherland Junction,-8.7867,121.1256,טבריה גן לאומי המעיין הירוק
541,תחנת רכבת,4130 Brentwood Crossing,37.828804,-25.146173,אשדוד פארק החורש הקהילתי
542,תחנת פארק,81 Scofield Place,-1.4391409,-46.3624686,ירושלים מוזיאון השלום העתיק
543,תחנת קניון,0 Glendale Court,55.9309486,-3.1859102,עכו טיילת הנמל החופי
544,תחנת פארק,24502 Kensington Park,24.479833,118.089425,עכו טיילת הנמל החופי
545,תחנת קניון,5 Sage Crossing,24.0527442,-74.5302159,חיפה חוף הכרמל הירוק
546,תחנת רכבת,7 Chinook Park,32.765421,-96.7413706,עכו טיילת הנמל החופי
547,תחנת חוף,890 Ohio Trail,-9.833763,124.458641,אשדוד פארק החורש הקהילתי
548,תחנת רכבת,93559 Ludington Circle,-9.5662977,124.4891278,נצרת אתר מורשת האופק העתיק
549,תחנת חוף,77571 Summer Ridge Drive,47.3845072,34.9321089,נצרת אתר מורשת האופק העתיק
550,תחנה מרכזית,202 Debra Hill,30.6792893,104.0567225,חיפה חוף הכרמל הירוק
551,תחנת חוף,11686 Lien Center,2.9405941,9.9101915,אשדוד פארק החורש הקהילתי
552,תחנת חוף,7639 Eastwood Pass,6.7809096,4.0337846,נצרת אתר מורשת האופק העתיק
553,תחנה מרכזית,62 Roxbury Circle,43.2837871,46.4531554,נתניה טיילת האופק החופי
554,תחנת פארק,0 Di Loreto Circle,23.421724,117.023373,אשדוד פארק החורש הקהילתי
555,תחנת פארק,8405 Florence Circle,42.2342735,27.7702053,נצרת אתר מורשת האופק העתיק
556,תחנה מרכזית,92633 Hazelcrest Place,41.3298054,44.2073125,אשדוד פארק החורש הקהילתי
557,תחנת חוף,4609 Esch Hill,14.5707297,121.0137446,אשדוד פארק החורש הקהילתי
558,תחנת רכבת,0154 Derek Parkway,-10.1535,120.6278,אשדוד פארק החורש הקהילתי
559,תחנת פארק,7991 Mosinee Terrace,-6.1869527,106.1698563,צפת מרכז תרבות הפסגה העירוני
560,תחנת רכבת,45005 Caliangt Hill,59.3639237,17.8769444,אילת חוף הזהב הדרומי
561,תחנת חוף,050 New Castle Crossing,27.9943858,-82.459481,חיפה חוף הכרמל הירוק
562,תחנה מרכזית,005 Arapahoe Junction,9.329496,125.554433,אילת חוף הזהב הדרומי
563,תחנת פארק,3619 Hanson Terrace,3.9572072,126.6795425,חיפה חוף הכרמל הירוק
564,תחנת חוף,7088 Pleasure Junction,41.3629391,-8.3042536,חיפה חוף הכרמל הירוק
565,תחנת חוף,1 Kingsford Plaza,26.5590737,31.6956705,ירושלים מוזיאון השלום העתיק
566,תחנה מרכזית,0 Rowland Point,-8.1774335,-49.4466005,חיפה חוף הכרמל הירוק
567,תחנה מרכזית,43327 Novick Park,24.0993614,115.2778465,צפת מרכז תרבות הפסגה העירוני
568,תחנת רכבת,2 Hayes Pass,59.2375852,15.1301177,עכו טיילת הנמל החופי
569,תחנת קניון,55947 Hallows Hill,14.5353294,121.023576,נצרת אתר מורשת האופק העתיק
570,תחנה מרכזית,54 La Follette Center,40.2603592,-8.57269,טבריה גן לאומי המעיין הירוק
571,תחנת חוף,040 Jenna Hill,41.6919638,-86.3754398,נצרת אתר מורשת האופק העתיק
572,תחנת פארק,6 Logan Circle,-37.8060734,-72.7038047,ירושלים מוזיאון השלום העתיק
573,תחנת פארק,973 Kropf Lane,-7.0431437,111.3679689,אילת חוף הזהב הדרומי
574,תחנת קניון,99803 Village Green Center,29.995762,120.586109,נצרת אתר מורשת האופק העתיק
575,תחנת קניון,15213 Logan Plaza,56.1993557,15.6309078,נצרת אתר מורשת האופק העתיק
576,תחנת חוף,04 Dottie Road,26.207631,113.767529,נצרת אתר מורשת האופק העתיק
577,תחנה מרכזית,1898 Ruskin Circle,53.4913801,-2.867264,צפת מרכז תרבות הפסגה העירוני
578,תחנת פארק,7 Kim Way,3.2093353,101.6716295,חיפה חוף הכרמל הירוק
579,תחנה מרכזית,353 High Crossing Parkway,-23.4157731,-51.4264048,נתניה טיילת האופק החופי
580,תחנת קניון,4110 Talisman Crossing,49.4263976,2.0887457,טבריה גן לאומי המעיין הירוק
581,תחנת פארק,67 3rd Court,41.76,-72.69,נצרת אתר מורשת האופק העתיק
582,תחנה מרכזית,7 Pepper Wood Pass,13.783333,44.783333,חיפה חוף הכרמל הירוק
583,תחנת פארק,81709 Lakewood Gardens Plaza,49.799354,23.518328,אשדוד פארק החורש הקהילתי
584,תחנת פארק,0700 Merrick Drive,-8.8954,121.1482,ירושלים מוזיאון השלום העתיק
585,תחנת פארק,1808 Meadow Valley Lane,14.5458392,121.0044883,תל אביב פארק הגליל המרכזי
586,תחנה מרכזית,90 Upham Street,38.021567,114.847075,ירושלים מוזיאון השלום העתיק
587,תחנת חוף,022 Pierstorff Junction,-4.1132769,-38.4639632,ירושלים מוזיאון השלום העתיק
588,תחנת פארק,525 Welch Drive,47.772714,-1.813332,אילת חוף הזהב הדרומי
589,תחנת חוף,5451 Dennis Street,13.8170825,101.3052635,נצרת אתר מורשת האופק העתיק
590,תחנת חוף,9 Westridge Point,11.3451287,-72.3628361,חיפה חוף הכרמל הירוק
591,תחנת חוף,21 American Ash Pass,41.8984166,20.905252,אשדוד פארק החורש הקהילתי
592,תחנה מרכזית,4 Granby Place,39.91983,116.41571,אילת חוף הזהב הדרומי
593,תחנת קניון,73 Crest Line Plaza,50.2202953,18.7801585,עכו טיילת הנמל החופי
594,תחנת קניון,578 Vera Trail,40.533557,19.5954894,נצרת אתר מורשת האופק העתיק
595,תחנת רכבת,8927 Fremont Drive,34.0578814,-118.3096648,אשדוד פארק החורש הקהילתי
596,תחנת קניון,12 Waywood Pass,-7.5450262,111.6556388,צפת מרכז תרבות הפסגה העירוני
597,תחנה מרכזית,26 Village Park,37.6710023,139.8647618,אילת חוף הזהב הדרומי
598,תחנה מרכזית,9 1st Street,-9.563558,119.2472527,אילת חוף הזהב הדרומי
599,תחנת פארק,3 American Ash Terrace,44.934021,-123.3072848,טבריה גן לאומי המעיין הירוק
600,תחנת פארק,049 Northview Pass,52.2960003,35.4190083,צפת מרכז תרבות הפסגה העירוני
601,תחנת רכבת,1428 Amoth Crossing,53.4249712,58.9688869,נתניה טיילת האופק החופי
602,תחנת חוף,8558 Service Alley,38.8978995,-77.0157837,צפת מרכז תרבות הפסגה העירוני
603,תחנת פארק,0 Montana Place,-8.6447759,116.3751225,תל אביב פארק הגליל המרכזי
604,תחנת רכבת,96038 Bartelt Park,27.845011,117.383641,חיפה חוף הכרמל הירוק
605,תחנה מרכזית,566 Duke Place,14.0134002,109.0547476,צפת מרכז תרבות הפסגה העירוני
606,תחנת פארק,653 Ronald Regan Junction,35.5888995,-5.3625516,טבריה גן לאומי המעיין הירוק
607,תחנת חוף,33419 Havey Terrace,-7.0271791,113.6293916,צפת מרכז תרבות הפסגה העירוני
608,תחנת רכבת,95047 Coleman Street,18.4678653,-69.9791319,אשדוד פארק החורש הקהילתי
609,תחנת קניון,5 Declaration Lane,58.3226908,15.1335348,חיפה חוף הכרמל הירוק
610,תחנת רכבת,68266 Chinook Trail,35.563408,115.510192,אשדוד פארק החורש הקהילתי
611,תחנת קניון,81171 Bayside Terrace,25.953512,115.685583,אשדוד פארק החורש הקהילתי
612,תחנת רכבת,76 Hoepker Lane,11.0606917,-69.7137997,אילת חוף הזהב הדרומי
613,תחנת רכבת,00 Chinook Junction,11.0657173,122.8454491,אילת חוף הזהב הדרומי
614,תחנת רכבת,9997 Crownhardt Terrace,53.1664955,20.2914434,עכו טיילת הנמל החופי
615,תחנת חוף,042 Riverside Lane,23.07555,112.007814,נתניה טיילת האופק החופי
616,תחנת חוף,139 Dunning Circle,1.2750177,-77.0334179,טבריה גן לאומי המעיין הירוק
617,תחנת רכבת,26 Harper Avenue,31.491169,120.31191,נתניה טיילת האופק החופי
618,תחנת פארק,73460 Autumn Leaf Drive,36.9382393,136.8170714,אילת חוף הזהב הדרומי
619,תחנת קניון,00819 Pepper Wood Park,41.5776315,-6.2216678,טבריה גן לאומי המעיין הירוק
620,תחנת רכבת,4188 Jackson Center,45.3934915,42.5902261,נצרת אתר מורשת האופק העתיק
621,תחנת פארק,4 Hallows Avenue,32.5518151,51.5307789,אילת חוף הזהב הדרומי
622,תחנת פארק,10878 Kinsman Pass,50.3467983,16.8896987,נצרת אתר מורשת האופק העתיק
623,תחנה מרכזית,43 Dexter Point,-15.576624,-72.1293262,ירושלים מוזיאון השלום העתיק
624,תחנת חוף,71931 Muir Crossing,7.5,124.3,חיפה חוף הכרמל הירוק
625,תחנת פארק,66 Chinook Park,36.5448905,61.1519716,טבריה גן לאומי המעיין הירוק
626,תחנת פארק,994 Moulton Plaza,-8.0305091,110.6168921,טבריה גן לאומי המעיין הירוק
627,תחנת פארק,49731 Pennsylvania Plaza,19.6616066,-71.8363794,נצרת אתר מורשת האופק העתיק
628,תחנת חוף,6234 Wayridge Road,41.107701,21.3788215,טבריה גן לאומי המעיין הירוק
629,תחנת חוף,40 Pearson Alley,22.9353419,113.6587617,אילת חוף הזהב הדרומי
630,תחנת רכבת,65 Wayridge Junction,14.93278,47.02763,נצרת אתר מורשת האופק העתיק
631,תחנת קניון,5806 Oakridge Trail,38.9188879,-9.2928406,אילת חוף הזהב הדרומי
632,תחנת חוף,716 Jana Plaza,51.1625615,54.9809527,נתניה טיילת האופק החופי
633,תחנת רכבת,4 Dexter Circle,41.3461777,-7.982286,נתניה טיילת האופק החופי
634,תחנת קניון,17 Nobel Hill,14.6279122,121.0034428,חיפה חוף הכרמל הירוק
635,תחנת רכבת,6503 Goodland Plaza,36.09,-79.78,אילת חוף הזהב הדרומי
636,תחנה מרכזית,11541 Shelley Street,32.12214,35.17173,חיפה חוף הכרמל הירוק
637,תחנת רכבת,1 Tomscot Circle,-2.4655425,140.4101474,אילת חוף הזהב הדרומי
638,תחנת חוף,9 Pine View Crossing,24.018269,114.987268,אשדוד פארק החורש הקהילתי
639,תחנת פארק,46 Eagle Crest Lane,11.2666664,122.5333328,אילת חוף הזהב הדרומי
640,תחנת פארק,2 Mcbride Lane,-6.2057339,107.0096844,נצרת אתר מורשת האופק העתיק
641,תחנת קניון,08752 Mallard Court,49.11654,-117.55222,תל אביב פארק הגליל המרכזי
642,תחנת קניון,95030 Oriole Road,-2.1653279,132.324948,טבריה גן לאומי המעיין הירוק
643,תחנת רכבת,305 Petterle Park,51.8433045,15.6903444,חיפה חוף הכרמל הירוק
644,תחנה מרכזית,09649 Glendale Circle,-8.2665992,113.9774369,חיפה חוף הכרמל הירוק
645,תחנת פארק,95823 Arizona Avenue,54.2490828,18.8664712,חיפה חוף הכרמל הירוק
646,תחנת חוף,57 Valley Edge Trail,54.7288441,37.5438564,תל אביב פארק הגליל המרכזי
647,תחנת חוף,08924 Lakeland Lane,-5.282644,123.5839983,אילת חוף הזהב הדרומי
648,תחנת רכבת,6 Banding Park,49.8381802,20.9789037,עכו טיילת הנמל החופי
649,תחנת קניון,09 Moulton Pass,50.578132,15.0839052,חיפה חוף הכרמל הירוק
650,תחנת חוף,425 Basil Terrace,49.7053824,19.2911275,ירושלים מוזיאון השלום העתיק
651,תחנת רכבת,8925 Holmberg Place,51.5742615,5.0840393,צפת מרכז תרבות הפסגה העירוני
652,תחנת רכבת,0340 Lukken Street,19.63333,30.41667,עכו טיילת הנמל החופי
653,תחנת חוף,33113 Roxbury Alley,45.850714,4.7852819,צפת מרכז תרבות הפסגה העירוני
654,תחנת קניון,4019 Service Park,48.65639,4.912419,נתניה טיילת האופק החופי
655,תחנת חוף,69 Thompson Terrace,46.58624,-71.20892,נתניה טיילת האופק החופי
656,תחנה מרכזית,9350 Calypso Circle,-19.156561,-65.267799,נתניה טיילת האופק החופי
657,תחנה מרכזית,30831 Drewry Place,-11.748639,-75.4854472,עכו טיילת הנמל החופי
658,תחנת קניון,882 Shopko Road,38.5691786,-9.0814271,עכו טיילת הנמל החופי
659,תחנה מרכזית,1 Golf Hill,-8.301379,-78.0084789,צפת מרכז תרבות הפסגה העירוני
660,תחנת קניון,077 Farwell Trail,40.49155,69.70245,חיפה חוף הכרמל הירוק
661,תחנה מרכזית,83 Browning Circle,58.567559,11.994926,אשדוד פארק החורש הקהילתי
662,תחנת רכבת,0810 Nobel Drive,25.876232,105.114764,טבריה גן לאומי המעיין הירוק
663,תחנה מרכזית,2856 Jay Hill,-9.9755,120.4083,צפת מרכז תרבות הפסגה העירוני
664,תחנת רכבת,15 Oak Valley Avenue,-22.9098833,-47.0625812,ירושלים מוזיאון השלום העתיק
665,תחנת פארק,845 Stephen Plaza,30.419045,120.299401,תל אביב פארק הגליל המרכזי
666,תחנת קניון,5487 Myrtle Terrace,47.5206407,-52.8076818,חיפה חוף הכרמל הירוק
667,תחנה מרכזית,9677 Anzinger Court,41.604029,-8.5920192,טבריה גן לאומי המעיין הירוק
668,תחנה מרכזית,7 Sage Drive,43.916823,81.324136,נצרת אתר מורשת האופק העתיק
669,תחנת קניון,7337 Bobwhite Hill,47.3411618,0.723116,אשדוד פארק החורש הקהילתי
670,תחנת קניון,456 Dwight Road,31.16782,112.58812,נתניה טיילת האופק החופי
671,תחנת קניון,50046 Fuller Center,34.8742638,71.1537637,ירושלים מוזיאון השלום העתיק
672,תחנת פארק,7995 Arizona Alley,36.3400071,137.8830829,נצרת אתר מורשת האופק העתיק
673,תחנת פארק,29 Spaight Way,41.3009263,-95.8881542,נצרת אתר מורשת האופק העתיק
674,תחנת פארק,02546 Armistice Crossing,34.488516,108.423318,נצרת אתר מורשת האופק העתיק
675,תחנת חוף,4323 Nancy Crossing,49.989968,22.3314395,עכו טיילת הנמל החופי
676,תחנה מרכזית,75 Spenser Park,14.2157645,109.1166566,תל אביב פארק הגליל המרכזי
677,תחנה מרכזית,8 Fremont Road,59.6048642,16.5096453,אשדוד פארק החורש הקהילתי
678,תחנת פארק,01822 Banding Way,40.6692391,43.8709284,חיפה חוף הכרמל הירוק
679,תחנת פארק,23 Tennyson Point,44.166512,79.999974,צפת מרכז תרבות הפסגה העירוני
680,תחנה מרכזית,59 Lakewood Gardens Point,51.7147076,21.7780514,אילת חוף הזהב הדרומי
681,תחנת חוף,7 Dahle Alley,-21.7567077,-48.8323618,טבריה גן לאומי המעיין הירוק
682,תחנת קניון,43933 Northland Pass,41.811979,126.918087,טבריה גן לאומי המעיין הירוק
683,תחנת חוף,22 Ohio Way,38.3204422,141.0226267,עכו טיילת הנמל החופי
684,תחנת פארק,930 Fuller Road,41.5047902,-8.4776032,צפת מרכז תרבות הפסגה העירוני
685,תחנת פארק,6 Marquette Plaza,16.13422,101.04465,עכו טיילת הנמל החופי
686,תחנת רכבת,25 Prentice Road,62.7810616,148.1452805,ירושלים מוזיאון השלום העתיק
687,תחנת פארק,392 Kingsford Junction,45.3639886,5.5949365,נצרת אתר מורשת האופק העתיק
688,תחנת רכבת,9587 Helena Junction,54.8625893,69.2398607,צפת מרכז תרבות הפסגה העירוני
689,תחנת רכבת,4 Roxbury Street,-12.2446158,44.5057388,אילת חוף הזהב הדרומי
690,תחנת חוף,7913 Magdeline Court,46.5838069,0.3350126,נתניה טיילת האופק החופי
691,תחנת חוף,08301 Pond Park,49.7708764,22.0252771,תל אביב פארק הגליל המרכזי
692,תחנת קניון,85 Crest Line Parkway,50.8446443,5.6735818,תל אביב פארק הגליל המרכזי
693,תחנת פארק,26 Gerald Hill,25.290184,117.419998,תל אביב פארק הגליל המרכזי
694,תחנת רכבת,7638 Clove Parkway,49.3883764,21.0533447,ירושלים מוזיאון השלום העתיק
695,תחנת קניון,9 Kedzie Trail,53.0748279,132.9367253,צפת מרכז תרבות הפסגה העירוני
696,תחנת פארק,06 Hooker Park,13.6954096,100.5127381,ירושלים מוזיאון השלום העתיק
697,תחנה מרכזית,372 Paget Parkway,39.932447,116.430976,חיפה חוף הכרמל הירוק
698,תחנת רכבת,2 Pawling Court,12.4102568,122.0493078,תל אביב פארק הגליל המרכזי
699,תחנת קניון,4 School Court,55.47785,38.90906,חיפה חוף הכרמל הירוק
700,תחנה מרכזית,52761 Spenser Junction,49.665033,30.9894691,ירושלים מוזיאון השלום העתיק
701,תחנת חוף,3 Monterey Court,30.172782,111.0765,תל אביב פארק הגליל המרכזי
702,תחנת חוף,273 Redwing Pass,50.0705922,15.1845475,ירושלים מוזיאון השלום העתיק
703,תחנת רכבת,8860 Texas Alley,-6.2102916,106.9833084,אילת חוף הזהב הדרומי
704,תחנת פארק,7813 Hagan Junction,-5.2932525,-48.5187229,חיפה חוף הכרמל הירוק
705,תחנה מרכזית,84429 Golf Place,13.3014073,-15.8686635,צפת מרכז תרבות הפסגה העירוני
706,תחנת קניון,3 Kings Hill,37.7779611,-8.0102678,אילת חוף הזהב הדרומי
707,תחנת פארק,227 Butterfield Junction,-5.3825125,39.6969592,אילת חוף הזהב הדרומי
708,תחנה מרכזית,56712 Katie Plaza,50.1191124,26.8281141,עכו טיילת הנמל החופי
709,תחנת פארק,0 Florence Point,41.1734791,24.2141442,נצרת אתר מורשת האופק העתיק
710,תחנה מרכזית,47108 Daystar Lane,-5.9536723,105.8495796,חיפה חוף הכרמל הירוק
711,תחנת חוף,119 Namekagon Court,-6.97,113.2718,טבריה גן לאומי המעיין הירוק
712,תחנה מרכזית,22381 Dottie Road,48.7687947,24.6658752,טבריה גן לאומי המעיין הירוק
713,תחנה מרכזית,6 Amoth Center,-7.6387228,111.0460407,צפת מרכז תרבות הפסגה העירוני
714,תחנת קניון,888 Eagle Crest Point,-6.9359242,112.4351068,חיפה חוף הכרמל הירוק
715,תחנת חוף,0352 Anthes Court,56.6607917,12.9004521,טבריה גן לאומי המעיין הירוק
716,תחנת חוף,99044 Anderson Point,33.3992452,36.4553727,עכו טיילת הנמל החופי
717,תחנה מרכזית,23474 Carberry Hill,50.3649126,23.7519532,צפת מרכז תרבות הפסגה העירוני
718,תחנת רכבת,253 Claremont Lane,45.0804254,14.0845863,ירושלים מוזיאון השלום העתיק
719,תחנת פארק,7 Bowman Lane,27.690732,111.45269,אילת חוף הזהב הדרומי
720,תחנת רכבת,05 Dryden Drive,-6.4342997,105.896559,נתניה טיילת האופק החופי
721,תחנת חוף,73 Alpine Drive,16.2661738,-3.4044187,עכו טיילת הנמל החופי
722,תחנת קניון,7 Graedel Junction,-6.7146375,107.4765594,ירושלים מוזיאון השלום העתיק
723,תחנת חוף,7 Loftsgordon Point,42.9786866,141.8352113,אילת חוף הזהב הדרומי
724,תחנת פארק,43259 Laurel Avenue,34.962575,105.480493,ירושלים מוזיאון השלום העתיק
725,תחנת רכבת,714 Burrows Crossing,32.1049147,118.7817904,נצרת אתר מורשת האופק העתיק
726,תחנת רכבת,349 Lakewood Plaza,-17.1927361,-70.9328138,אשדוד פארק החורש הקהילתי
727,תחנת פארק,5 Logan Avenue,5.385032,-73.364139,נצרת אתר מורשת האופק העתיק
728,תחנת קניון,28 Carpenter Place,59.454973,13.7250925,ירושלים מוזיאון השלום העתיק
729,תחנת רכבת,59 Anthes Drive,7.253201,80.510807,צפת מרכז תרבות הפסגה העירוני
730,תחנת פארק,9625 Vidon Park,-8.4539,120.6359,חיפה חוף הכרמל הירוק
731,תחנת קניון,45 Packers Lane,18.8839458,100.3031364,צפת מרכז תרבות הפסגה העירוני
732,תחנת חוף,79 Bluejay Pass,-5.8002425,-39.734338,אשדוד פארק החורש הקהילתי
733,תחנת פארק,7 Eggendart Center,49.1931313,-0.3907558,חיפה חוף הכרמל הירוק
734,תחנת חוף,19 Oriole Plaza,32.5496232,131.6597893,אילת חוף הזהב הדרומי
735,תחנה מרכזית,9569 Talisman Avenue,-8.1637036,-79.002342,תל אביב פארק הגליל המרכזי
736,תחנת רכבת,765 Susan Trail,31.129098,120.839842,עכו טיילת הנמל החופי
737,תחנת פארק,4 Golf Course Trail,9.338241,-66.2575425,טבריה גן לאומי המעיין הירוק
738,תחנת פארק,8967 Tennessee Point,43.6165639,27.091526,צפת מרכז תרבות הפסגה העירוני
739,תחנה מרכזית,332 David Lane,10.6626096,122.3214575,נצרת אתר מורשת האופק העתיק
740,תחנת פארק,32 Shopko Drive,-8.5821947,13.6565321,עכו טיילת הנמל החופי
741,תחנת קניון,9 Barnett Place,41.1283966,25.1850002,נתניה טיילת האופק החופי
742,תחנה מרכזית,72494 Lillian Park,14.526832,-90.1885483,נצרת אתר מורשת האופק העתיק
743,תחנת חוף,03 John Wall Trail,23.009805,113.088924,טבריה גן לאומי המעיין הירוק
744,תחנת רכבת,477 Di Loreto Trail,10.4309602,-85.0966591,נצרת אתר מורשת האופק העתיק
745,תחנת קניון,070 Carberry Road,-6.2074293,106.8915948,עכו טיילת הנמל החופי
746,תחנת רכבת,3 Lillian Trail,23.028301,115.84573,אילת חוף הזהב הדרומי
747,תחנת חוף,895 Grim Crossing,48.0386685,-2.9231898,אשדוד פארק החורש הקהילתי
748,תחנת קניון,401 Ronald Regan Point,25.1962025,-76.2406701,עכו טיילת הנמל החופי
749,תחנת פארק,6524 Comanche Place,6.1097207,102.2462087,תל אביב פארק הגליל המרכזי
750,תחנת פארק,159 Springs Way,-6.343448,106.2003019,חיפה חוף הכרמל הירוק
751,תחנת רכבת,52507 Golf Junction,52.8358853,21.8233603,תל אביב פארק הגליל המרכזי
752,תחנת רכבת,4 Tennyson Lane,16.6714164,99.2823264,נצרת אתר מורשת האופק העתיק
753,תחנת רכבת,2717 3rd Park,48.4902808,39.2712224,ירושלים מוזיאון השלום העתיק
754,תחנת רכבת,801 Coolidge Parkway,-25.304882,-49.0555691,טבריה גן לאומי המעיין הירוק
755,תחנת פארק,6 Fisk Junction,-0.2457577,110.2832217,טבריה גן לאומי המעיין הירוק
756,תחנת רכבת,22 Londonderry Center,58.3733593,11.2998649,נתניה טיילת האופק החופי
757,תחנת חוף,4487 Cody Center,-7.0120918,108.3905156,תל אביב פארק הגליל המרכזי
758,תחנת פארק,63378 Eggendart Point,-21.3653841,-51.8677296,צפת מרכז תרבות הפסגה העירוני
759,תחנת פארק,3734 Hooker Drive,-19.8022734,-40.8605209,אילת חוף הזהב הדרומי
760,תחנת רכבת,91208 Moulton Parkway,32.5734842,74.0420093,צפת מרכז תרבות הפסגה העירוני
761,תחנה מרכזית,764 Lakewood Road,-15.1709148,-72.8308692,חיפה חוף הכרמל הירוק
762,תחנת רכבת,704 Manufacturers Avenue,13.2838698,5.4201377,טבריה גן לאומי המעיין הירוק
763,תחנת פארק,67 Daystar Avenue,48.1973404,16.3587247,טבריה גן לאומי המעיין הירוק
764,תחנת חוף,6 Hovde Pass,-25.1860913,-49.3164138,חיפה חוף הכרמל הירוק
765,תחנת קניון,28999 Westridge Avenue,-25.4645818,-56.013851,צפת מרכז תרבות הפסגה העירוני
766,תחנת רכבת,2988 Jay Circle,22.3179093,-79.6558242,אילת חוף הזהב הדרומי
767,תחנת פארק,76 Hollow Ridge Street,32.0608187,36.0941795,טבריה גן לאומי המעיין הירוק
768,תחנת רכבת,05033 Fisk Park,26.641315,100.222545,אשדוד פארק החורש הקהילתי
769,תחנת חוף,97721 Utah Park,29.342612,118.484422,צפת מרכז תרבות הפסגה העירוני
770,תחנת רכבת,893 Portage Point,15.9082382,120.4291289,טבריה גן לאומי המעיין הירוק
771,תחנת קניון,66 Canary Place,13.29664,123.756628,אשדוד פארק החורש הקהילתי
772,תחנת חוף,498 Straubel Trail,55.9255289,43.0452992,אילת חוף הזהב הדרומי
773,תחנת פארק,852 Eastlawn Trail,49.5372506,16.8773821,נתניה טיילת האופק החופי
774,תחנת קניון,23049 Kipling Park,33.5210036,36.2861306,תל אביב פארק הגליל המרכזי
775,תחנת רכבת,1725 Moland Crossing,40.4530275,44.5222246,אשדוד פארק החורש הקהילתי
776,תחנת חוף,9225 Glendale Street,-18.8424187,-42.8247877,חיפה חוף הכרמל הירוק
777,תחנה מרכזית,04928 Warbler Way,32.5734842,74.0420093,עכו טיילת הנמל החופי
778,תחנת חוף,9087 8th Trail,-22.5408519,-44.1772604,חיפה חוף הכרמל הירוק
779,תחנת קניון,20791 School Plaza,-34.6037075,-58.5096724,חיפה חוף הכרמל הירוק
780,תחנה מרכזית,548 Golf Course Parkway,58.2609408,12.9683864,עכו טיילת הנמל החופי
781,תחנת חוף,734 Kim Parkway,29.082103,111.06586,תל אביב פארק הגליל המרכזי
782,תחנת חוף,953 Dawn Street,42.418024,20.7949428,אשדוד פארק החורש הקהילתי
783,תחנה מרכזית,8193 Sachtjen Lane,50.655135,18.3329704,אשדוד פארק החורש הקהילתי
784,תחנת חוף,3 Maryland Trail,-34.1701324,-70.7406259,עכו טיילת הנמל החופי
785,תחנת רכבת,44370 Sherman Center,36.645169,117.364633,עכו טיילת הנמל החופי
786,תחנת פארק,551 Stoughton Circle,-10.789321,-65.3301049,אילת חוף הזהב הדרומי
787,תחנת חוף,581 Sunbrook Junction,59.9871162,15.8125817,ירושלים מוזיאון השלום העתיק
788,תחנת פארק,2044 Iowa Court,-8.675462,115.2576575,צפת מרכז תרבות הפסגה העירוני
789,תחנה מרכזית,22473 Springs Junction,51.6325534,18.0075305,תל אביב פארק הגליל המרכזי
790,תחנת קניון,131 Coleman Hill,37.7278257,-8.7793637,צפת מרכז תרבות הפסגה העירוני
791,תחנת חוף,017 Grim Hill,35.383289,112.662069,נצרת אתר מורשת האופק העתיק
792,תחנת חוף,34 Weeping Birch Park,9.546414,122.521763,צפת מרכז תרבות הפסגה העירוני
793,תחנת פארק,00 Cherokee Center,55.9905778,92.7620647,אשדוד פארק החורש הקהילתי
794,תחנה מרכזית,83828 Dottie Junction,28.851022,85.297513,עכו טיילת הנמל החופי
795,תחנת חוף,71976 1st Center,60.4783655,15.3710047,נצרת אתר מורשת האופק העתיק
796,תחנת קניון,2 Gale Hill,28.663694,118.534841,נצרת אתר מורשת האופק העתיק
797,תחנת קניון,1 Porter Plaza,-23.8182859,-46.0851681,טבריה גן לאומי המעיין הירוק
798,תחנת פארק,4 Mendota Terrace,23.4024253,117.1166128,תל אביב פארק הגליל המרכזי
799,תחנת קניון,714 Duke Street,3.1523104,101.7178316,עכו טיילת הנמל החופי
800,תחנת פארק,31956 Dixon Center,-8.2296365,111.4526032,נתניה טיילת האופק החופי
801,תחנת פארק,4 Morning Point,53.3788422,-1.4730092,נתניה טיילת האופק החופי
802,תחנת חוף,81319 Union Trail,-12.8549255,15.5620927,נצרת אתר מורשת האופק העתיק
803,תחנה מרכזית,2173 Anhalt Way,45.0545731,21.3401422,ירושלים מוזיאון השלום העתיק
804,תחנת חוף,31 Mcguire Parkway,43.357629,52.8434912,ירושלים מוזיאון השלום העתיק
805,תחנת קניון,38 Cody Place,36.706962,119.161748,חיפה חוף הכרמל הירוק
806,תחנת רכבת,0565 Cascade Plaza,32.5171226,130.6026459,תל אביב פארק הגליל המרכזי
807,תחנה מרכזית,0 Eagan Park,13.869601,124.3090475,אילת חוף הזהב הדרומי
808,תחנת חוף,185 Morning Avenue,-15.2090734,-39.1959729,נתניה טיילת האופק החופי
809,תחנת קניון,5151 Colorado Parkway,7.4554641,4.5443923,תל אביב פארק הגליל המרכזי
810,תחנה מרכזית,3 Orin Drive,57.6581553,12.1171659,טבריה גן לאומי המעיין הירוק
811,תחנת פארק,48928 Union Plaza,55.5146696,35.8272389,עכו טיילת הנמל החופי
812,תחנת חוף,9 Karstens Circle,48.550372,24.7466678,עכו טיילת הנמל החופי
813,תחנת פארק,6 Pearson Terrace,35.177451,109.590671,עכו טיילת הנמל החופי
814,תחנת חוף,85258 Merry Terrace,39.494488,19.8722638,תל אביב פארק הגליל המרכזי
815,תחנת חוף,2526 Monterey Road,41.8345433,-8.5504434,עכו טיילת הנמל החופי
816,תחנת חוף,2534 Norway Maple Junction,48.819324,2.394771,חיפה חוף הכרמל הירוק
817,תחנת רכבת,987 Bartillon Court,53.7002,102.7117,ירושלים מוזיאון השלום העתיק
818,תחנת פארק,6675 Rusk Crossing,-8.9837384,125.2203419,אילת חוף הזהב הדרומי
819,תחנת קניון,76 Crest Line Way,10.6713871,123.0555033,ירושלים מוזיאון השלום העתיק
820,תחנת חוף,86981 Petterle Trail,42.229169,-8.7026991,אשדוד פארק החורש הקהילתי
821,תחנה מרכזית,15090 Daystar Place,42.4379175,24.1808285,ירושלים מוזיאון השלום העתיק
822,תחנת רכבת,6 Erie Park,49.7931487,18.3760739,אילת חוף הזהב הדרומי
823,תחנת חוף,45419 Grasskamp Crossing,39.7380371,-105.0265195,ירושלים מוזיאון השלום העתיק
824,תחנת קניון,1 Buhler Alley,-34.7114038,-58.3834251,ירושלים מוזיאון השלום העתיק
825,תחנת קניון,57280 Nevada Plaza,51.9075123,16.2061552,אילת חוף הזהב הדרומי
826,תחנת קניון,12670 Basil Alley,51.5731362,5.0314656,תל אביב פארק הגליל המרכזי
827,תחנת רכבת,2 Aberg Road,65.6136708,22.1096478,אשדוד פארק החורש הקהילתי
828,תחנה מרכזית,5 Comanche Road,47.9560267,39.7419209,ירושלים מוזיאון השלום העתיק
829,תחנת קניון,753 Kipling Point,32.3361632,-90.1565209,תל אביב פארק הגליל המרכזי
830,תחנת חוף,2799 Oriole Park,41.5193418,-8.5747445,נתניה טיילת האופק החופי
831,תחנה מרכזית,0 Fallview Center,44.0731738,15.2838313,חיפה חוף הכרמל הירוק
832,תחנת רכבת,7042 Maywood Center,31.254198,94.915316,אשדוד פארק החורש הקהילתי
833,תחנת חוף,5 Buell Avenue,39.7601611,116.3169416,צפת מרכז תרבות הפסגה העירוני
834,תחנת רכבת,222 Marquette Avenue,49.1278721,16.613233,חיפה חוף הכרמל הירוק
835,תחנת קניון,7488 Cambridge Point,40.5742298,48.3896404,נצרת אתר מורשת האופק העתיק
836,תחנת פארק,700 Fulton Crossing,47.2186081,34.6661709,עכו טיילת הנמל החופי
837,תחנה מרכזית,12 Dawn Point,35.7,10.8,תל אביב פארק הגליל המרכזי
838,תחנת חוף,806 Warrior Park,54.1308809,45.2613033,נצרת אתר מורשת האופק העתיק
839,תחנת חוף,25231 Anthes Avenue,48.655181,25.7096503,אשדוד פארק החורש הקהילתי
840,תחנת פארק,14 Delladonna Trail,34.857149,118.07065,נצרת אתר מורשת האופק העתיק
841,תחנת חוף,6147 Shasta Crossing,41.53083,21.41556,נתניה טיילת האופק החופי
842,תחנת חוף,51020 Packers Trail,-10.4322235,-62.4792921,חיפה חוף הכרמל הירוק
843,תחנת קניון,81669 Kipling Place,38.1304493,47.9437099,עכו טיילת הנמל החופי
844,תחנת קניון,33 Judy Court,41.2033027,22.5760759,צפת מרכז תרבות הפסגה העירוני
845,תחנה מרכזית,80873 Monument Hill,-10.8731945,39.4217212,נתניה טיילת האופק החופי
846,תחנת חוף,54 Summit Point,10.2646995,-67.8927472,אשדוד פארק החורש הקהילתי
847,תחנת חוף,53 Gateway Crossing,46.8289256,16.3268491,אשדוד פארק החורש הקהילתי
848,תחנת פארק,839 Lakeland Drive,-6.1487501,106.7809681,עכו טיילת הנמל החופי
849,תחנת רכבת,4 Stephen Lane,53.0651548,20.3482376,עכו טיילת הנמל החופי
850,תחנת רכבת,771 Mockingbird Court,39.7271767,20.0598549,עכו טיילת הנמל החופי
851,תחנת קניון,0498 Jenifer Way,50.9575733,15.7384571,נצרת אתר מורשת האופק העתיק
852,תחנת פארק,74 Golf Place,58.673928,17.105134,תל אביב פארק הגליל המרכזי
853,תחנה מרכזית,0 Armistice Park,27.86732,107.42099,ירושלים מוזיאון השלום העתיק
854,תחנה מרכזית,4312 Anthes Road,-6.8424133,106.7175669,עכו טיילת הנמל החופי
855,תחנת קניון,2 Oxford Court,-6.3019793,-60.0259466,ירושלים מוזיאון השלום העתיק
856,תחנה מרכזית,9681 Harper Pass,27.855928,113.173487,חיפה חוף הכרמל הירוק
857,תחנת פארק,5 Monterey Plaza,11.1449142,124.8326192,תל אביב פארק הגליל המרכזי
858,תחנת רכבת,291 Grim Plaza,33.4955028,49.0631743,ירושלים מוזיאון השלום העתיק
859,תחנה מרכזית,41 Warner Trail,25.770509,113.014717,אשדוד פארק החורש הקהילתי
860,תחנת רכבת,969 Hoepker Avenue,-3.4426092,10.6562606,נצרת אתר מורשת האופק העתיק
861,תחנת פארק,6730 Kings Lane,33.519545,-111.5468301,עכו טיילת הנמל החופי
862,תחנה מרכזית,79446 Bay Lane,0.6228224,111.1533456,עכו טיילת הנמל החופי
863,תחנת פארק,6 2nd Parkway,56.8965251,14.8077914,ירושלים מוזיאון השלום העתיק
864,תחנת פארק,05050 Fairfield Avenue,50.282951,18.2785364,טבריה גן לאומי המעיין הירוק
865,תחנת פארק,5 Lakewood Gardens Alley,52.0997957,39.7742561,ירושלים מוזיאון השלום העתיק
866,תחנת קניון,3536 Reindahl Lane,41.5256088,-8.346058,ירושלים מוזיאון השלום העתיק
867,תחנת חוף,174 Summerview Plaza,13.6868163,-89.1181849,צפת מרכז תרבות הפסגה העירוני
868,תחנת קניון,80347 Duke Center,-2.0883269,132.1967716,תל אביב פארק הגליל המרכזי
869,תחנת קניון,56779 Homewood Trail,8.93218,165.76416,עכו טיילת הנמל החופי
870,תחנת פארק,7 Monica Drive,-13.1435017,28.4163103,ירושלים מוזיאון השלום העתיק
871,תחנה מרכזית,28 Marcy Center,50.562666,22.3233329,נצרת אתר מורשת האופק העתיק
872,תחנת רכבת,83472 Butterfield Terrace,-8.4855,115.2265,נתניה טיילת האופק החופי
873,תחנת רכבת,0814 Fremont Alley,40.01833,127.45472,אילת חוף הזהב הדרומי
874,תחנת פארק,322 New Castle Avenue,46.791555,15.379192,צפת מרכז תרבות הפסגה העירוני
875,תחנה מרכזית,95 Pierstorff Avenue,-7.4580728,109.21829,נצרת אתר מורשת האופק העתיק
876,תחנת קניון,024 Wayridge Plaza,-3.7710672,103.98402,ירושלים מוזיאון השלום העתיק
877,תחנת פארק,44142 Holmberg Trail,22.948016,113.366904,תל אביב פארק הגליל המרכזי
878,תחנה מרכזית,7 Browning Point,59.3525393,18.0191452,אילת חוף הזהב הדרומי
879,תחנת רכבת,32 Crownhardt Place,-34.7796334,-58.6040349,טבריה גן לאומי המעיין הירוק
880,תחנת פארק,1069 Atwood Drive,9.9518,123.9622,חיפה חוף הכרמל הירוק
881,תחנה מרכזית,2936 Forest Run Hill,40.561598,22.1857013,ירושלים מוזיאון השלום העתיק
882,תחנת פארק,7 Waxwing Hill,36.1899557,117.1168644,אשדוד פארק החורש הקהילתי
883,תחנת חוף,1 Village Green Way,11.0657173,122.8454491,ירושלים מוזיאון השלום העתיק
884,תחנת רכבת,99 Declaration Plaza,20.0390282,-77.5791358,נתניה טיילת האופק החופי
885,תחנה מרכזית,8 Lawn Avenue,10.2748807,15.3775245,אילת חוף הזהב הדרומי
886,תחנת קניון,899 North Circle,52.3668372,4.8902879,צפת מרכז תרבות הפסגה העירוני
887,תחנת חוף,59 Jay Pass,37.499972,105.196902,נתניה טיילת האופק החופי
888,תחנת חוף,27649 Holy Cross Terrace,-7.7514362,110.4162931,עכו טיילת הנמל החופי
889,תחנת חוף,2 Cordelia Avenue,57.2840834,55.4543246,חיפה חוף הכרמל הירוק
890,תחנת פארק,760 Linden Crossing,22.543096,114.057865,אילת חוף הזהב הדרומי
891,תחנת חוף,27714 Briar Crest Park,-7.3474138,112.7677319,נתניה טיילת האופק החופי
892,תחנת רכבת,22238 Meadow Vale Drive,39.876176,117.355421,טבריה גן לאומי המעיין הירוק
893,תחנת קניון,799 Arkansas Plaza,32.916287,117.389719,נצרת אתר מורשת האופק העתיק
894,תחנת פארק,93 Morningstar Place,-31.3203573,-64.2726889,עכו טיילת הנמל החופי
895,תחנת קניון,7 Sutherland Avenue,-20.0391408,57.6495717,נתניה טיילת האופק החופי
896,תחנת פארק,985 Maple Lane,-32.947692,-60.6743215,אשדוד פארק החורש הקהילתי
897,תחנת חוף,37 Towne Parkway,-9.7744129,-76.785759,טבריה גן לאומי המעיין הירוק
898,תחנת חוף,064 Vera Avenue,-8.3960371,115.5325797,חיפה חוף הכרמל הירוק
899,תחנה מרכזית,18610 Golf View Place,43.3011387,-0.3861522,אשדוד פארק החורש הקהילתי
900,תחנת רכבת,6286 Golf Course Street,47.1426,28.6295416,נצרת אתר מורשת האופק העתיק
901,תחנת פארק,475 Bartelt Lane,47.1594836,20.1974097,תל אביב פארק הגליל המרכזי
902,תחנת רכבת,263 Boyd Trail,-8.416667,-77.45,צפת מרכז תרבות הפסגה העירוני
903,תחנת רכבת,4694 Fulton Trail,31.7711077,119.9742793,תל אביב פארק הגליל המרכזי
904,תחנת פארק,13789 Saint Paul Point,41.139883,22.5397872,נתניה טיילת האופק החופי
905,תחנת קניון,77 Bowman Plaza,49.794945,17.865273,אשדוד פארק החורש הקהילתי
906,תחנה מרכזית,2 2nd Junction,38.656021,-27.268149,נתניה טיילת האופק החופי
907,תחנת קניון,656 Shasta Circle,45.0247038,14.6312922,טבריה גן לאומי המעיין הירוק
908,תחנת רכבת,680 Killdeer Road,51.6561,35.9314,נצרת אתר מורשת האופק העתיק
909,תחנה מרכזית,201 Nevada Trail,-8.2394,112.2878,תל אביב פארק הגליל המרכזי
910,תחנת קניון,81 Morningstar Parkway,8.8910633,125.0326766,תל אביב פארק הגליל המרכזי
911,תחנת חוף,2276 Stephen Trail,53.1936864,-6.590926,טבריה גן לאומי המעיין הירוק
912,תחנה מרכזית,74 1st Court,11.0678757,-63.9201942,צפת מרכז תרבות הפסגה העירוני
913,תחנה מרכזית,7141 Schmedeman Road,34.7326539,137.7446478,נתניה טיילת האופק החופי
914,תחנת חוף,616 Oriole Alley,37.943121,115.217658,צפת מרכז תרבות הפסגה העירוני
915,תחנת קניון,31 Shelley Parkway,53.3194376,18.212466,אשדוד פארק החורש הקהילתי
916,תחנת קניון,66300 Thierer Point,64.7457113,20.9568227,תל אביב פארק הגליל המרכזי
917,תחנת קניון,8139 Bashford Terrace,10.1986882,-61.4377107,אשדוד פארק החורש הקהילתי
918,תחנת חוף,39745 Springview Alley,51.05359,18.4535,צפת מרכז תרבות הפסגה העירוני
919,תחנת קניון,8 Jana Way,52.2902011,22.4724915,נצרת אתר מורשת האופק העתיק
920,תחנת פארק,92912 5th Center,2.7239834,101.9476452,נתניה טיילת האופק החופי
921,תחנת חוף,16 Sachtjen Trail,31.0424566,30.4727503,עכו טיילת הנמל החופי
922,תחנת פארק,0 Eliot Parkway,16.16667,120.53333,טבריה גן לאומי המעיין הירוק
923,תחנה מרכזית,66 Delladonna Trail,40.0341373,-8.41643,אילת חוף הזהב הדרומי
924,תחנה מרכזית,289 Duke Alley,51.7597721,17.1196937,נתניה טיילת האופק החופי
925,תחנת פארק,83876 Meadow Vale Court,55.5808883,42.0289058,תל אביב פארק הגליל המרכזי
926,תחנת רכבת,4584 Coleman Park,-4.0003104,35.778497,תל אביב פארק הגליל המרכזי
927,תחנת רכבת,50127 Jay Way,35.925312,14.478294,אשדוד פארק החורש הקהילתי
928,תחנת פארק,97631 Northridge Alley,19.4458447,-99.1497664,חיפה חוף הכרמל הירוק
929,תחנת פארק,9 Loftsgordon Place,-20.9211015,-64.7480995,נתניה טיילת האופק החופי
930,תחנת חוף,90 Mesta Hill,53.0222045,-112.8285983,חיפה חוף הכרמל הירוק
931,תחנת חוף,761 Hallows Lane,48.957695,2.881818,עכו טיילת הנמל החופי
932,תחנת חוף,3257 Hooker Parkway,-6.9949,114.0612,צפת מרכז תרבות הפסגה העירוני
933,תחנת חוף,6 Corry Lane,-17.6169957,177.4504888,טבריה גן לאומי המעיין הירוק
934,תחנת קניון,8 Roxbury Lane,43.7441795,2.511999,עכו טיילת הנמל החופי
935,תחנת חוף,099 Spaight Plaza,40.608793,115.099494,נצרת אתר מורשת האופק העתיק
936,תחנה מרכזית,0 Arrowood Park,14.5697565,121.0247172,נתניה טיילת האופק החופי
937,תחנת חוף,829 Menomonie Crossing,40.941983,19.6996428,צפת מרכז תרבות הפסגה העירוני
938,תחנה מרכזית,90159 Anhalt Pass,-3.8017999,-38.4809114,נצרת אתר מורשת האופק העתיק
939,תחנת פארק,27 Forest Dale Pass,-3.0040574,31.9274003,עכו טיילת הנמל החופי
940,תחנת חוף,9 Utah Lane,34.151624,109.323479,חיפה חוף הכרמל הירוק
941,תחנת רכבת,552 Moose Lane,33.2811677,50.3172249,אשדוד פארק החורש הקהילתי
942,תחנת פארק,46 Grasskamp Road,3.5931213,97.2221421,נצרת אתר מורשת האופק העתיק
943,תחנת קניון,80 Erie Parkway,41.2130334,23.2996379,ירושלים מוזיאון השלום העתיק
944,תחנת פארק,4 Gerald Road,44.0854864,43.1007634,אילת חוף הזהב הדרומי
945,תחנת רכבת,8903 Ruskin Center,58.7132844,15.753473,תל אביב פארק הגליל המרכזי
946,תחנת רכבת,4920 Moland Junction,17.4448706,120.4716757,טבריה גן לאומי המעיין הירוק
947,תחנת קניון,52467 Hauk Plaza,45.4140943,18.8413976,ירושלים מוזיאון השלום העתיק
948,תחנה מרכזית,77 Erie Road,-15.7451604,-70.05478,אילת חוף הזהב הדרומי
949,תחנת חוף,474 Meadow Ridge Crossing,46.7713478,3.8379578,נצרת אתר מורשת האופק העתיק
950,תחנת קניון,5 Truax Drive,47.7582463,27.9329385,נתניה טיילת האופק החופי
951,תחנת קניון,2 Sage Trail,48.8048649,2.1203554,תל אביב פארק הגליל המרכזי
952,תחנת חוף,5692 Arapahoe Plaza,54.2407853,86.2093804,ירושלים מוזיאון השלום העתיק
953,תחנת חוף,421 Utah Point,-11.1227218,-77.6105679,נצרת אתר מורשת האופק העתיק
954,תחנה מרכזית,596 Annamark Crossing,-35.1164987,-71.2829759,ירושלים מוזיאון השלום העתיק
955,תחנת רכבת,01 Tomscot Crossing,38.4600166,-9.1141307,נתניה טיילת האופק החופי
956,תחנה מרכזית,88 Elgar Terrace,36.284107,100.620031,אילת חוף הזהב הדרומי
957,תחנת קניון,4324 Kipling Park,50.9468692,18.8248439,אשדוד פארק החורש הקהילתי
958,תחנה מרכזית,1 Schiller Parkway,35.632522,138.9562642,חיפה חוף הכרמל הירוק
959,תחנת פארק,25047 Loeprich Drive,1.48833,124.97444,עכו טיילת הנמל החופי
960,תחנה מרכזית,3 Novick Court,13.691158,99.8543504,ירושלים מוזיאון השלום העתיק
961,תחנת קניון,677 Muir Trail,32.8094568,-96.889555,אילת חוף הזהב הדרומי
962,תחנת קניון,69 Westridge Parkway,36.2569423,139.381182,נצרת אתר מורשת האופק העתיק
963,תחנת קניון,07 1st Hill,45.4555091,17.6623801,טבריה גן לאומי המעיין הירוק
964,תחנת קניון,6 Namekagon Court,32.435435,105.843357,אשדוד פארק החורש הקהילתי
965,תחנת פארק,9 Waywood Parkway,20.690696,101.9861694,אשדוד פארק החורש הקהילתי
966,תחנת קניון,256 Corscot Pass,5.9295558,-0.9725085,עכו טיילת הנמל החופי
967,תחנת רכבת,728 Fordem Court,12.0419812,13.9172992,חיפה חוף הכרמל הירוק
968,תחנת רכבת,0 Huxley Lane,-3.7114163,104.0072348,נתניה טיילת האופק החופי
969,תחנת חוף,5201 Weeping Birch Avenue,49.4705944,20.1323725,אשדוד פארק החורש הקהילתי
970,תחנת קניון,6520 Transport Junction,-9.38516,-171.24675,תל אביב פארק הגליל המרכזי
971,תחנת חוף,7 Northview Alley,38.9273849,-77.0125445,צפת מרכז תרבות הפסגה העירוני
972,תחנת חוף,98240 Tony Alley,34.349487,107.997326,אשדוד פארק החורש הקהילתי
973,תחנה מרכזית,44563 Heath Terrace,37.9773385,140.1850334,נצרת אתר מורשת האופק העתיק
974,תחנת רכבת,8 Maple Wood Crossing,-6.8843479,108.7927679,אשדוד פארק החורש הקהילתי
975,תחנת פארק,67 Rieder Trail,41.4252912,-8.5601403,טבריה גן לאומי המעיין הירוק
976,תחנה מרכזית,9 Boyd Place,21.9588282,96.0891032,צפת מרכז תרבות הפסגה העירוני
977,תחנת חוף,6 Holy Cross Parkway,-6.8055934,110.7629067,צפת מרכז תרבות הפסגה העירוני
978,תחנת פארק,3898 Arapahoe Pass,27.324479,120.216978,טבריה גן לאומי המעיין הירוק
979,תחנת קניון,0254 Kedzie Avenue,23.157289,113.273288,עכו טיילת הנמל החופי
980,תחנת קניון,2 Homewood Pass,22.517585,113.39277,עכו טיילת הנמל החופי
981,תחנת פארק,0444 Center Terrace,-22.4101426,-47.5717516,נצרת אתר מורשת האופק העתיק
982,תחנת פארק,0692 East Trail,30.07728,103.848396,אילת חוף הזהב הדרומי
983,תחנת חוף,17 Menomonie Lane,44.9280296,4.8932938,אשדוד פארק החורש הקהילתי
984,תחנת רכבת,08 Reindahl Parkway,28.759126,115.856121,ירושלים מוזיאון השלום העתיק
985,תחנת פארק,49 Grayhawk Circle,15.8279992,120.4157561,נצרת אתר מורשת האופק העתיק
986,תחנת פארק,40366 Arkansas Trail,51.5623852,16.69165,עכו טיילת הנמל החופי
987,תחנת קניון,675 Warner Lane,45.5119921,19.8423848,תל אביב פארק הגליל המרכזי
988,תחנת פארק,2455 East Way,59.6740144,16.7259208,ירושלים מוזיאון השלום העתיק
989,תחנת חוף,4 Londonderry Junction,55.7372478,38.1800493,נצרת אתר מורשת האופק העתיק
990,תחנת קניון,66371 Mockingbird Drive,49.8359632,16.795095,צפת מרכז תרבות הפסגה העירוני
991,תחנת חוף,37 Acker Place,47.4175416,-72.7840882,אילת חוף הזהב הדרומי
992,תחנת פארק,3719 Drewry Road,52.5890862,13.3032995,נצרת אתר מורשת האופק העתיק
993,תחנה מרכזית,00285 Killdeer Junction,-8.0972,111.8163,נתניה טיילת האופק החופי
994,תחנת חוף,31850 Beilfuss Lane,49.6197452,18.4728742,חיפה חוף הכרמל הירוק
995,תחנת רכבת,3 Ridgeview Park,59.3164285,18.0590482,עכו טיילת הנמל החופי
996,תחנה מרכזית,588 Division Crossing,45.521519,3.5276642,טבריה גן לאומי המעיין הירוק
997,תחנת חוף,60 Loeprich Alley,41.2166819,-8.0597042,תל אביב פארק הגליל המרכזי
998,תחנת רכבת,3666 Sherman Hill,-8.1774335,-49.4466005,ירושלים מוזיאון השלום העתיק
999,תחנת פארק,34412 Ludington Pass,38.243169,101.984648,נצרת אתר מורשת האופק העתיק
1000,תחנת קניון,08 Autumn Leaf Avenue,62.5013857,27.7904218,ירושלים מוזיאון השלום העתיק
